2026-07-20 14:45:46.123 [main] INFO  com.sky.SkyServerApplication - Starting SkyServerApplication using Java 17.0.12 on Assaka with PID 24368 (C:\Assaka_sky\sky-take-out\sky-server\target\classes started by 26827 in C:\Assaka_sky)
2026-07-20 14:45:46.128 [main] INFO  com.sky.SkyServerApplication - The following 1 profile is active: "dev"
2026-07-20 14:45:46.677 [main] INFO  o.s.d.r.config.RepositoryConfigurationDelegate - Multiple Spring Data modules found, entering strict repository configuration mode
2026-07-20 14:45:46.679 [main] INFO  o.s.d.r.config.RepositoryConfigurationDelegate - Bootstrapping Spring Data Redis repositories in DEFAULT mode.
2026-07-20 14:45:46.702 [main] INFO  o.s.d.r.config.RepositoryConfigurationDelegate - Finished Spring Data repository scanning in 13 ms. Found 0 Redis repository interfaces.
2026-07-20 14:45:47.330 [main] INFO  o.s.boot.web.embedded.tomcat.TomcatWebServer - Tomcat initialized with port(s): 8080 (http)
2026-07-20 14:45:47.337 [main] INFO  org.apache.catalina.core.StandardService - Starting service [Tomcat]
2026-07-20 14:45:47.337 [main] INFO  org.apache.catalina.core.StandardEngine - Starting Servlet engine: [Apache Tomcat/9.0.65]
2026-07-20 14:45:47.420 [main] INFO  o.a.c.core.ContainerBase.[Tomcat].[localhost].[/] - Initializing Spring embedded WebApplicationContext
2026-07-20 14:45:47.420 [main] INFO  o.s.b.w.s.c.ServletWebServerApplicationContext - Root WebApplicationContext: initialization completed in 1255 ms
2026-07-20 14:45:47.525 [main] INFO  c.a.d.s.b.a.DruidDataSourceAutoConfigure - Init DruidDataSource
2026-07-20 14:45:47.622 [main] INFO  com.alibaba.druid.pool.DruidDataSource - {dataSource-1} inited
2026-07-20 14:45:47.774 [main] INFO  com.sky.config.OssConfiguration - 开始创建阿里云文件上传工具类对象......
2026-07-20 14:45:47.925 [main] INFO  com.sky.config.WebMvcConfiguration - 开始注册自定义拦截器...
2026-07-20 14:45:48.117 [main] INFO  com.sky.config.RedisConfiguration - 开始创建redis模板对象...
2026-07-20 14:45:48.174 [main] INFO  com.sky.config.WebMvcConfiguration - 扩展消息转换器...
2026-07-20 14:45:48.598 [main] INFO  o.s.boot.web.embedded.tomcat.TomcatWebServer - Tomcat started on port(s): 8080 (http) with context path ''
2026-07-20 14:45:48.768 [main] INFO  com.sky.SkyServerApplication - Started SkyServerApplication in 2.988 seconds (JVM running for 3.288)
2026-07-20 14:46:00.977 [http-nio-8080-exec-1] INFO  o.a.c.core.ContainerBase.[Tomcat].[localhost].[/] - Initializing Spring DispatcherServlet 'dispatcherServlet'
2026-07-20 14:46:00.978 [http-nio-8080-exec-1] INFO  org.springframework.web.servlet.DispatcherServlet - Initializing Servlet 'dispatcherServlet'
2026-07-20 14:46:00.979 [http-nio-8080-exec-1] INFO  org.springframework.web.servlet.DispatcherServlet - Completed initialization in 1 ms
2026-07-20 14:46:01.050 [http-nio-8080-exec-1] INFO  com.sky.Aspect.LogAspect - -------------------------
开始执行方法:login, 参数:[EmployeeLoginDTO(username=admin, password=123456)]
2026-07-20 14:46:01.054 [http-nio-8080-exec-1] INFO  com.sky.controller.admin.EmployeeController - 员工登录：EmployeeLoginDTO(username=admin, password=123456)
2026-07-20 14:46:01.308 [http-nio-8080-exec-1] DEBUG com.sky.mapper.EmployeeMapper.getByUsername - ==>  Preparing: select * from employee where username = ?
2026-07-20 14:46:01.323 [http-nio-8080-exec-1] DEBUG com.sky.mapper.EmployeeMapper.getByUsername - ==> Parameters: admin(String)
2026-07-20 14:46:01.365 [http-nio-8080-exec-1] DEBUG com.sky.mapper.EmployeeMapper.getByUsername - <==      Total: 1
2026-07-20 14:46:01.412 [http-nio-8080-exec-1] INFO  com.sky.Aspect.LogAspect - 方法:login 执行完毕, 耗时:362ms, 返回值:Result(code=1, msg=null, data=EmployeeLoginVO(id=1, userName=admin, name=管理员, token=eyJhbGciOiJIUzI1NiJ9.eyJlbXBJZCI6MSwiZXhwIjoxNzg0NTM3MTYxfQ.kekBUkV0yT43Mw2XsDIT6b2GN500X73PcXb2m9IOBY0))
2026-07-20 14:46:01.481 [http-nio-8080-exec-4] WARN  org.springframework.web.servlet.PageNotFound - No mapping for GET /admin/order/conditionSearch
2026-07-20 14:46:01.493 [http-nio-8080-exec-6] WARN  org.springframework.web.servlet.PageNotFound - No mapping for GET /admin/shop/status
2026-07-20 14:46:01.496 [http-nio-8080-exec-8] WARN  org.springframework.web.servlet.PageNotFound - No mapping for GET /admin/workspace/businessData
2026-07-20 14:46:01.523 [http-nio-8080-exec-7] WARN  org.springframework.web.servlet.PageNotFound - No mapping for GET /admin/workspace/overviewOrders
2026-07-20 14:46:01.525 [http-nio-8080-exec-5] WARN  org.springframework.web.servlet.PageNotFound - No mapping for GET /admin/workspace/overviewDishes
2026-07-20 14:46:01.528 [http-nio-8080-exec-2] WARN  org.springframework.web.servlet.PageNotFound - No mapping for GET /admin/workspace/overviewSetmeals
2026-07-20 14:46:01.771 [http-nio-8080-exec-3] WARN  org.springframework.web.servlet.PageNotFound - No mapping for GET /ws/1wni8oimzkf
2026-07-20 14:47:05.368 [http-nio-8080-exec-9] WARN  org.springframework.web.servlet.PageNotFound - No mapping for GET /admin/order/conditionSearch
2026-07-20 14:47:05.801 [http-nio-8080-exec-10] WARN  org.springframework.web.servlet.PageNotFound - No mapping for GET /admin/order/conditionSearch
2026-07-20 14:47:21.454 [http-nio-8080-exec-1] WARN  org.springframework.web.servlet.PageNotFound - No mapping for PUT /admin/shop/0
2026-07-20 14:47:22.775 [http-nio-8080-exec-4] WARN  org.springframework.web.servlet.PageNotFound - No mapping for PUT /admin/shop/0
2026-07-20 14:47:22.909 [http-nio-8080-exec-6] WARN  org.springframework.web.servlet.PageNotFound - No mapping for PUT /admin/shop/0
2026-07-20 14:47:23.078 [http-nio-8080-exec-8] WARN  org.springframework.web.servlet.PageNotFound - No mapping for PUT /admin/shop/0
2026-07-20 14:47:23.258 [http-nio-8080-exec-7] WARN  org.springframework.web.servlet.PageNotFound - No mapping for PUT /admin/shop/0
2026-07-20 14:47:26.271 [http-nio-8080-exec-5] WARN  org.springframework.web.servlet.PageNotFound - No mapping for PUT /admin/shop/1
2026-07-20 15:20:35.955 [SpringApplicationShutdownHook] INFO  com.alibaba.druid.pool.DruidDataSource - {dataSource-1} closing ...
2026-07-20 15:20:35.956 [SpringApplicationShutdownHook] INFO  com.alibaba.druid.pool.DruidDataSource - {dataSource-1} closed
2026-07-20 15:20:38.488 [main] INFO  com.sky.SkyServerApplication - Starting SkyServerApplication using Java 17.0.12 on Assaka with PID 38840 (C:\Assaka_sky\sky-take-out\sky-server\target\classes started by 26827 in C:\Assaka_sky)
2026-07-20 15:20:38.491 [main] INFO  com.sky.SkyServerApplication - The following 1 profile is active: "dev"
2026-07-20 15:20:39.047 [main] INFO  o.s.d.r.config.RepositoryConfigurationDelegate - Multiple Spring Data modules found, entering strict repository configuration mode
2026-07-20 15:20:39.048 [main] INFO  o.s.d.r.config.RepositoryConfigurationDelegate - Bootstrapping Spring Data Redis repositories in DEFAULT mode.
2026-07-20 15:20:39.070 [main] INFO  o.s.d.r.config.RepositoryConfigurationDelegate - Finished Spring Data repository scanning in 12 ms. Found 0 Redis repository interfaces.
2026-07-20 15:20:39.579 [main] INFO  o.s.boot.web.embedded.tomcat.TomcatWebServer - Tomcat initialized with port(s): 8080 (http)
2026-07-20 15:20:39.585 [main] INFO  org.apache.catalina.core.StandardService - Starting service [Tomcat]
2026-07-20 15:20:39.585 [main] INFO  org.apache.catalina.core.StandardEngine - Starting Servlet engine: [Apache Tomcat/9.0.65]
2026-07-20 15:20:39.655 [main] INFO  o.a.c.core.ContainerBase.[Tomcat].[localhost].[/] - Initializing Spring embedded WebApplicationContext
2026-07-20 15:20:39.656 [main] INFO  o.s.b.w.s.c.ServletWebServerApplicationContext - Root WebApplicationContext: initialization completed in 1137 ms
2026-07-20 15:20:39.746 [main] INFO  c.a.d.s.b.a.DruidDataSourceAutoConfigure - Init DruidDataSource
2026-07-20 15:20:39.828 [main] INFO  com.alibaba.druid.pool.DruidDataSource - {dataSource-1} inited
2026-07-20 15:20:39.966 [main] INFO  com.sky.config.OssConfiguration - 开始创建阿里云文件上传工具类对象......
2026-07-20 15:20:40.094 [main] INFO  com.sky.config.RedisConfiguration - 开始创建redis模板对象...
2026-07-20 15:20:40.264 [main] INFO  com.sky.config.WebMvcConfiguration - 开始注册自定义拦截器...
2026-07-20 15:20:40.340 [main] INFO  com.sky.config.WebMvcConfiguration - 扩展消息转换器...
2026-07-20 15:20:40.630 [main] INFO  o.s.boot.web.embedded.tomcat.TomcatWebServer - Tomcat started on port(s): 8080 (http) with context path ''
2026-07-20 15:20:40.792 [main] INFO  com.sky.SkyServerApplication - Started SkyServerApplication in 2.607 seconds (JVM running for 2.863)
2026-07-20 15:20:44.674 [http-nio-8080-exec-1] INFO  o.a.c.core.ContainerBase.[Tomcat].[localhost].[/] - Initializing Spring DispatcherServlet 'dispatcherServlet'
2026-07-20 15:20:44.674 [http-nio-8080-exec-1] INFO  org.springframework.web.servlet.DispatcherServlet - Initializing Servlet 'dispatcherServlet'
2026-07-20 15:20:44.675 [http-nio-8080-exec-1] INFO  org.springframework.web.servlet.DispatcherServlet - Completed initialization in 1 ms
2026-07-20 15:20:44.690 [http-nio-8080-exec-2] INFO  com.sky.interceptor.JwtTokenAdminInterceptor - jwt校验:eyJhbGciOiJIUzI1NiJ9.eyJlbXBJZCI6MSwiZXhwIjoxNzg0NTM3MTYxfQ.kekBUkV0yT43Mw2XsDIT6b2GN500X73PcXb2m9IOBY0
2026-07-20 15:20:44.692 [http-nio-8080-exec-1] WARN  org.springframework.web.servlet.PageNotFound - No mapping for GET /admin/order/conditionSearch
2026-07-20 15:20:44.750 [http-nio-8080-exec-3] WARN  org.springframework.web.servlet.PageNotFound - No mapping for GET /admin/workspace/businessData
2026-07-20 15:20:44.756 [http-nio-8080-exec-2] INFO  com.sky.interceptor.JwtTokenAdminInterceptor - 当前员工id：1
2026-07-20 15:20:44.757 [http-nio-8080-exec-4] WARN  org.springframework.web.servlet.PageNotFound - No mapping for GET /admin/workspace/overviewOrders
2026-07-20 15:20:44.762 [http-nio-8080-exec-5] WARN  org.springframework.web.servlet.PageNotFound - No mapping for GET /admin/workspace/overviewDishes
2026-07-20 15:20:44.767 [http-nio-8080-exec-2] INFO  com.sky.Aspect.LogAspect - -------------------------
开始执行方法:getStatus, 参数:[]
2026-07-20 15:20:44.769 [http-nio-8080-exec-6] WARN  org.springframework.web.servlet.PageNotFound - No mapping for GET /admin/workspace/overviewSetmeals
2026-07-20 15:20:44.914 [http-nio-8080-exec-7] WARN  org.springframework.web.servlet.PageNotFound - No mapping for GET /ws/v13iagyz1t
2026-07-20 15:20:45.161 [http-nio-8080-exec-2] ERROR o.a.c.c.C.[.[localhost].[/].[dispatcherServlet] - Servlet.service() for servlet [dispatcherServlet] in context with path [] threw exception [Request processing failed; nested exception is java.lang.NullPointerException: Cannot invoke "java.lang.Integer.intValue()" because "status" is null] with root cause
java.lang.NullPointerException: Cannot invoke "java.lang.Integer.intValue()" because "status" is null
	at com.sky.controller.admin.ShopController.getStatus(ShopController.java:42)
	at com.sky.controller.admin.ShopController$$FastClassBySpringCGLIB$$27fed429.invoke(<generated>)
	at org.springframework.cglib.proxy.MethodProxy.invoke(MethodProxy.java:218)
	at org.springframework.aop.framework.CglibAopProxy$CglibMethodInvocation.invokeJoinpoint(CglibAopProxy.java:793)
	at org.springframework.aop.framework.ReflectiveMethodInvocation.proceed(ReflectiveMethodInvocation.java:163)
	at org.springframework.aop.framework.CglibAopProxy$CglibMethodInvocation.proceed(CglibAopProxy.java:763)
	at org.springframework.aop.aspectj.MethodInvocationProceedingJoinPoint.proceed(MethodInvocationProceedingJoinPoint.java:89)
	at com.sky.Aspect.LogAspect.logAround(LogAspect.java:27)
	at java.base/jdk.internal.reflect.NativeMethodAccessorImpl.invoke0(Native Method)
	at java.base/jdk.internal.reflect.NativeMethodAccessorImpl.invoke(NativeMethodAccessorImpl.java:77)
	at java.base/jdk.internal.reflect.DelegatingMethodAccessorImpl.invoke(DelegatingMethodAccessorImpl.java:43)
	at java.base/java.lang.reflect.Method.invoke(Method.java:568)
	at org.springframework.aop.aspectj.AbstractAspectJAdvice.invokeAdviceMethodWithGivenArgs(AbstractAspectJAdvice.java:634)
	at org.springframework.aop.aspectj.AbstractAspectJAdvice.invokeAdviceMethod(AbstractAspectJAdvice.java:624)
	at org.springframework.aop.aspectj.AspectJAroundAdvice.invoke(AspectJAroundAdvice.java:72)
	at org.springframework.aop.framework.ReflectiveMethodInvocation.proceed(ReflectiveMethodInvocation.java:175)
	at org.springframework.aop.framework.CglibAopProxy$CglibMethodInvocation.proceed(CglibAopProxy.java:763)
	at org.springframework.aop.interceptor.ExposeInvocationInterceptor.invoke(ExposeInvocationInterceptor.java:97)
	at org.springframework.aop.framework.ReflectiveMethodInvocation.proceed(ReflectiveMethodInvocation.java:186)
	at org.springframework.aop.framework.CglibAopProxy$CglibMethodInvocation.proceed(CglibAopProxy.java:763)
	at org.springframework.aop.framework.CglibAopProxy$DynamicAdvisedInterceptor.intercept(CglibAopProxy.java:708)
	at com.sky.controller.admin.ShopController$$EnhancerBySpringCGLIB$$60d6f2d7.getStatus(<generated>)
	at java.base/jdk.internal.reflect.NativeMethodAccessorImpl.invoke0(Native Method)
	at java.base/jdk.internal.reflect.NativeMethodAccessorImpl.invoke(NativeMethodAccessorImpl.java:77)
	at java.base/jdk.internal.reflect.DelegatingMethodAccessorImpl.invoke(DelegatingMethodAccessorImpl.java:43)
	at java.base/java.lang.reflect.Method.invoke(Method.java:568)
	at org.springframework.web.method.support.InvocableHandlerMethod.doInvoke(InvocableHandlerMethod.java:205)
	at org.springframework.web.method.support.InvocableHandlerMethod.invokeForRequest(InvocableHandlerMethod.java:150)
	at org.springframework.web.servlet.mvc.method.annotation.ServletInvocableHandlerMethod.invokeAndHandle(ServletInvocableHandlerMethod.java:117)
	at org.springframework.web.servlet.mvc.method.annotation.RequestMappingHandlerAdapter.invokeHandlerMethod(RequestMappingHandlerAdapter.java:895)
	at org.springframework.web.servlet.mvc.method.annotation.RequestMappingHandlerAdapter.handleInternal(RequestMappingHandlerAdapter.java:808)
	at org.springframework.web.servlet.mvc.method.AbstractHandlerMethodAdapter.handle(AbstractHandlerMethodAdapter.java:87)
	at org.springframework.web.servlet.DispatcherServlet.doDispatch(DispatcherServlet.java:1070)
	at org.springframework.web.servlet.DispatcherServlet.doService(DispatcherServlet.java:963)
	at org.springframework.web.servlet.FrameworkServlet.processRequest(FrameworkServlet.java:1006)
	at org.springframework.web.servlet.FrameworkServlet.doGet(FrameworkServlet.java:898)
	at javax.servlet.http.HttpServlet.service(HttpServlet.java:655)
	at org.springframework.web.servlet.FrameworkServlet.service(FrameworkServlet.java:883)
	at javax.servlet.http.HttpServlet.service(HttpServlet.java:764)
	at org.apache.catalina.core.ApplicationFilterChain.internalDoFilter(ApplicationFilterChain.java:227)
	at org.apache.catalina.core.ApplicationFilterChain.doFilter(ApplicationFilterChain.java:162)
	at org.apache.tomcat.websocket.server.WsFilter.doFilter(WsFilter.java:53)
	at org.apache.catalina.core.ApplicationFilterChain.internalDoFilter(ApplicationFilterChain.java:189)
	at org.apache.catalina.core.ApplicationFilterChain.doFilter(ApplicationFilterChain.java:162)
	at org.springframework.web.filter.CharacterEncodingFilter.doFilterInternal(CharacterEncodingFilter.java:201)
	at org.springframework.web.filter.OncePerRequestFilter.doFilter(OncePerRequestFilter.java:117)
	at org.apache.catalina.core.ApplicationFilterChain.internalDoFilter(ApplicationFilterChain.java:189)
	at org.apache.catalina.core.ApplicationFilterChain.doFilter(ApplicationFilterChain.java:162)
	at org.apache.catalina.core.StandardWrapperValve.invoke(StandardWrapperValve.java:197)
	at org.apache.catalina.core.StandardContextValve.invoke(StandardContextValve.java:97)
	at org.apache.catalina.authenticator.AuthenticatorBase.invoke(AuthenticatorBase.java:541)
	at org.apache.catalina.core.StandardHostValve.invoke(StandardHostValve.java:135)
	at org.apache.catalina.valves.ErrorReportValve.invoke(ErrorReportValve.java:92)
	at org.apache.catalina.core.StandardEngineValve.invoke(StandardEngineValve.java:78)
	at org.apache.catalina.connector.CoyoteAdapter.service(CoyoteAdapter.java:360)
	at org.apache.coyote.http11.Http11Processor.service(Http11Processor.java:399)
	at org.apache.coyote.AbstractProcessorLight.process(AbstractProcessorLight.java:65)
	at org.apache.coyote.AbstractProtocol$ConnectionHandler.process(AbstractProtocol.java:890)
	at org.apache.tomcat.util.net.NioEndpoint$SocketProcessor.doRun(NioEndpoint.java:1789)
	at org.apache.tomcat.util.net.SocketProcessorBase.run(SocketProcessorBase.java:49)
	at org.apache.tomcat.util.threads.ThreadPoolExecutor.runWorker(ThreadPoolExecutor.java:1191)
	at org.apache.tomcat.util.threads.ThreadPoolExecutor$Worker.run(ThreadPoolExecutor.java:659)
	at org.apache.tomcat.util.threads.TaskThread$WrappingRunnable.run(TaskThread.java:61)
	at java.base/java.lang.Thread.run(Thread.java:842)
2026-07-20 15:20:53.709 [http-nio-8080-exec-9] INFO  com.sky.interceptor.JwtTokenAdminInterceptor - jwt校验:eyJhbGciOiJIUzI1NiJ9.eyJlbXBJZCI6MSwiZXhwIjoxNzg0NTM3MTYxfQ.kekBUkV0yT43Mw2XsDIT6b2GN500X73PcXb2m9IOBY0
2026-07-20 15:20:53.711 [http-nio-8080-exec-9] INFO  com.sky.interceptor.JwtTokenAdminInterceptor - 当前员工id：1
2026-07-20 15:20:53.716 [http-nio-8080-exec-9] INFO  com.sky.Aspect.LogAspect - -------------------------
开始执行方法:status, 参数:[0]
2026-07-20 15:20:53.716 [http-nio-8080-exec-9] INFO  com.sky.controller.admin.ShopController - 设置营业状态为：打烊中
2026-07-20 15:20:53.717 [http-nio-8080-exec-9] ERROR o.a.c.c.C.[.[localhost].[/].[dispatcherServlet] - Servlet.service() for servlet [dispatcherServlet] in context with path [] threw exception [Request processing failed; nested exception is java.lang.ClassCastException: class java.lang.Integer cannot be cast to class java.lang.String (java.lang.Integer and java.lang.String are in module java.base of loader 'bootstrap')] with root cause
java.lang.ClassCastException: class java.lang.Integer cannot be cast to class java.lang.String (java.lang.Integer and java.lang.String are in module java.base of loader 'bootstrap')
	at org.springframework.data.redis.serializer.StringRedisSerializer.serialize(StringRedisSerializer.java:36)
	at org.springframework.data.redis.core.AbstractOperations.rawValue(AbstractOperations.java:128)
	at org.springframework.data.redis.core.DefaultValueOperations.set(DefaultValueOperations.java:304)
	at com.sky.controller.admin.ShopController.status(ShopController.java:33)
	at com.sky.controller.admin.ShopController$$FastClassBySpringCGLIB$$27fed429.invoke(<generated>)
	at org.springframework.cglib.proxy.MethodProxy.invoke(MethodProxy.java:218)
	at org.springframework.aop.framework.CglibAopProxy$CglibMethodInvocation.invokeJoinpoint(CglibAopProxy.java:793)
	at org.springframework.aop.framework.ReflectiveMethodInvocation.proceed(ReflectiveMethodInvocation.java:163)
	at org.springframework.aop.framework.CglibAopProxy$CglibMethodInvocation.proceed(CglibAopProxy.java:763)
	at org.springframework.aop.aspectj.MethodInvocationProceedingJoinPoint.proceed(MethodInvocationProceedingJoinPoint.java:89)
	at com.sky.Aspect.LogAspect.logAround(LogAspect.java:27)
	at java.base/jdk.internal.reflect.NativeMethodAccessorImpl.invoke0(Native Method)
	at java.base/jdk.internal.reflect.NativeMethodAccessorImpl.invoke(NativeMethodAccessorImpl.java:77)
	at java.base/jdk.internal.reflect.DelegatingMethodAccessorImpl.invoke(DelegatingMethodAccessorImpl.java:43)
	at java.base/java.lang.reflect.Method.invoke(Method.java:568)
	at org.springframework.aop.aspectj.AbstractAspectJAdvice.invokeAdviceMethodWithGivenArgs(AbstractAspectJAdvice.java:634)
	at org.springframework.aop.aspectj.AbstractAspectJAdvice.invokeAdviceMethod(AbstractAspectJAdvice.java:624)
	at org.springframework.aop.aspectj.AspectJAroundAdvice.invoke(AspectJAroundAdvice.java:72)
	at org.springframework.aop.framework.ReflectiveMethodInvocation.proceed(ReflectiveMethodInvocation.java:175)
	at org.springframework.aop.framework.CglibAopProxy$CglibMethodInvocation.proceed(CglibAopProxy.java:763)
	at org.springframework.aop.interceptor.ExposeInvocationInterceptor.invoke(ExposeInvocationInterceptor.java:97)
	at org.springframework.aop.framework.ReflectiveMethodInvocation.proceed(ReflectiveMethodInvocation.java:186)
	at org.springframework.aop.framework.CglibAopProxy$CglibMethodInvocation.proceed(CglibAopProxy.java:763)
	at org.springframework.aop.framework.CglibAopProxy$DynamicAdvisedInterceptor.intercept(CglibAopProxy.java:708)
	at com.sky.controller.admin.ShopController$$EnhancerBySpringCGLIB$$60d6f2d7.status(<generated>)
	at java.base/jdk.internal.reflect.NativeMethodAccessorImpl.invoke0(Native Method)
	at java.base/jdk.internal.reflect.NativeMethodAccessorImpl.invoke(NativeMethodAccessorImpl.java:77)
	at java.base/jdk.internal.reflect.DelegatingMethodAccessorImpl.invoke(DelegatingMethodAccessorImpl.java:43)
	at java.base/java.lang.reflect.Method.invoke(Method.java:568)
	at org.springframework.web.method.support.InvocableHandlerMethod.doInvoke(InvocableHandlerMethod.java:205)
	at org.springframework.web.method.support.InvocableHandlerMethod.invokeForRequest(InvocableHandlerMethod.java:150)
	at org.springframework.web.servlet.mvc.method.annotation.ServletInvocableHandlerMethod.invokeAndHandle(ServletInvocableHandlerMethod.java:117)
	at org.springframework.web.servlet.mvc.method.annotation.RequestMappingHandlerAdapter.invokeHandlerMethod(RequestMappingHandlerAdapter.java:895)
	at org.springframework.web.servlet.mvc.method.annotation.RequestMappingHandlerAdapter.handleInternal(RequestMappingHandlerAdapter.java:808)
	at org.springframework.web.servlet.mvc.method.AbstractHandlerMethodAdapter.handle(AbstractHandlerMethodAdapter.java:87)
	at org.springframework.web.servlet.DispatcherServlet.doDispatch(DispatcherServlet.java:1070)
	at org.springframework.web.servlet.DispatcherServlet.doService(DispatcherServlet.java:963)
	at org.springframework.web.servlet.FrameworkServlet.processRequest(FrameworkServlet.java:1006)
	at org.springframework.web.servlet.FrameworkServlet.doPut(FrameworkServlet.java:920)
	at javax.servlet.http.HttpServlet.service(HttpServlet.java:684)
	at org.springframework.web.servlet.FrameworkServlet.service(FrameworkServlet.java:883)
	at javax.servlet.http.HttpServlet.service(HttpServlet.java:764)
	at org.apache.catalina.core.ApplicationFilterChain.internalDoFilter(ApplicationFilterChain.java:227)
	at org.apache.catalina.core.ApplicationFilterChain.doFilter(ApplicationFilterChain.java:162)
	at org.apache.tomcat.websocket.server.WsFilter.doFilter(WsFilter.java:53)
	at org.apache.catalina.core.ApplicationFilterChain.internalDoFilter(ApplicationFilterChain.java:189)
	at org.apache.catalina.core.ApplicationFilterChain.doFilter(ApplicationFilterChain.java:162)
	at org.springframework.web.filter.CharacterEncodingFilter.doFilterInternal(CharacterEncodingFilter.java:201)
	at org.springframework.web.filter.OncePerRequestFilter.doFilter(OncePerRequestFilter.java:117)
	at org.apache.catalina.core.ApplicationFilterChain.internalDoFilter(ApplicationFilterChain.java:189)
	at org.apache.catalina.core.ApplicationFilterChain.doFilter(ApplicationFilterChain.java:162)
	at org.apache.catalina.core.StandardWrapperValve.invoke(StandardWrapperValve.java:197)
	at org.apache.catalina.core.StandardContextValve.invoke(StandardContextValve.java:97)
	at org.apache.catalina.authenticator.AuthenticatorBase.invoke(AuthenticatorBase.java:541)
	at org.apache.catalina.core.StandardHostValve.invoke(StandardHostValve.java:135)
	at org.apache.catalina.valves.ErrorReportValve.invoke(ErrorReportValve.java:92)
	at org.apache.catalina.core.StandardEngineValve.invoke(StandardEngineValve.java:78)
	at org.apache.catalina.connector.CoyoteAdapter.service(CoyoteAdapter.java:360)
	at org.apache.coyote.http11.Http11Processor.service(Http11Processor.java:399)
	at org.apache.coyote.AbstractProcessorLight.process(AbstractProcessorLight.java:65)
	at org.apache.coyote.AbstractProtocol$ConnectionHandler.process(AbstractProtocol.java:890)
	at org.apache.tomcat.util.net.NioEndpoint$SocketProcessor.doRun(NioEndpoint.java:1789)
	at org.apache.tomcat.util.net.SocketProcessorBase.run(SocketProcessorBase.java:49)
	at org.apache.tomcat.util.threads.ThreadPoolExecutor.runWorker(ThreadPoolExecutor.java:1191)
	at org.apache.tomcat.util.threads.ThreadPoolExecutor$Worker.run(ThreadPoolExecutor.java:659)
	at org.apache.tomcat.util.threads.TaskThread$WrappingRunnable.run(TaskThread.java:61)
	at java.base/java.lang.Thread.run(Thread.java:842)
2026-07-20 15:27:19.436 [SpringApplicationShutdownHook] INFO  com.alibaba.druid.pool.DruidDataSource - {dataSource-1} closing ...
2026-07-20 15:27:19.437 [SpringApplicationShutdownHook] INFO  com.alibaba.druid.pool.DruidDataSource - {dataSource-1} closed
2026-07-20 15:27:22.035 [main] INFO  com.sky.SkyServerApplication - Starting SkyServerApplication using Java 17.0.12 on Assaka with PID 19316 (C:\Assaka_sky\sky-take-out\sky-server\target\classes started by 26827 in C:\Assaka_sky)
2026-07-20 15:27:22.037 [main] INFO  com.sky.SkyServerApplication - The following 1 profile is active: "dev"
2026-07-20 15:27:22.529 [main] INFO  o.s.d.r.config.RepositoryConfigurationDelegate - Multiple Spring Data modules found, entering strict repository configuration mode
2026-07-20 15:27:22.531 [main] INFO  o.s.d.r.config.RepositoryConfigurationDelegate - Bootstrapping Spring Data Redis repositories in DEFAULT mode.
2026-07-20 15:27:22.553 [main] INFO  o.s.d.r.config.RepositoryConfigurationDelegate - Finished Spring Data repository scanning in 12 ms. Found 0 Redis repository interfaces.
2026-07-20 15:27:23.071 [main] INFO  o.s.boot.web.embedded.tomcat.TomcatWebServer - Tomcat initialized with port(s): 8080 (http)
2026-07-20 15:27:23.077 [main] INFO  org.apache.catalina.core.StandardService - Starting service [Tomcat]
2026-07-20 15:27:23.077 [main] INFO  org.apache.catalina.core.StandardEngine - Starting Servlet engine: [Apache Tomcat/9.0.65]
2026-07-20 15:27:23.146 [main] INFO  o.a.c.core.ContainerBase.[Tomcat].[localhost].[/] - Initializing Spring embedded WebApplicationContext
2026-07-20 15:27:23.147 [main] INFO  o.s.b.w.s.c.ServletWebServerApplicationContext - Root WebApplicationContext: initialization completed in 1081 ms
2026-07-20 15:27:23.239 [main] INFO  c.a.d.s.b.a.DruidDataSourceAutoConfigure - Init DruidDataSource
2026-07-20 15:27:23.321 [main] INFO  com.alibaba.druid.pool.DruidDataSource - {dataSource-1} inited
2026-07-20 15:27:23.471 [main] INFO  com.sky.config.OssConfiguration - 开始创建阿里云文件上传工具类对象......
2026-07-20 15:27:23.605 [main] INFO  com.sky.config.RedisConfiguration - 开始创建redis模板对象...
2026-07-20 15:27:23.776 [main] INFO  com.sky.config.WebMvcConfiguration - 开始注册自定义拦截器...
2026-07-20 15:27:23.856 [main] INFO  com.sky.config.WebMvcConfiguration - 扩展消息转换器...
2026-07-20 15:27:24.144 [main] INFO  o.s.boot.web.embedded.tomcat.TomcatWebServer - Tomcat started on port(s): 8080 (http) with context path ''
2026-07-20 15:27:24.296 [main] INFO  com.sky.SkyServerApplication - Started SkyServerApplication in 2.564 seconds (JVM running for 2.818)
2026-07-20 15:27:29.471 [http-nio-8080-exec-1] INFO  o.a.c.core.ContainerBase.[Tomcat].[localhost].[/] - Initializing Spring DispatcherServlet 'dispatcherServlet'
2026-07-20 15:27:29.471 [http-nio-8080-exec-1] INFO  org.springframework.web.servlet.DispatcherServlet - Initializing Servlet 'dispatcherServlet'
2026-07-20 15:27:29.472 [http-nio-8080-exec-1] INFO  org.springframework.web.servlet.DispatcherServlet - Completed initialization in 0 ms
2026-07-20 15:27:29.486 [http-nio-8080-exec-1] WARN  org.springframework.web.servlet.PageNotFound - No mapping for GET /admin/order/conditionSearch
2026-07-20 15:27:29.547 [http-nio-8080-exec-7] WARN  org.springframework.web.servlet.PageNotFound - No mapping for GET /admin/workspace/businessData
2026-07-20 15:27:29.547 [http-nio-8080-exec-2] INFO  com.sky.interceptor.JwtTokenAdminInterceptor - jwt校验:eyJhbGciOiJIUzI1NiJ9.eyJlbXBJZCI6MSwiZXhwIjoxNzg0NTM3MTYxfQ.kekBUkV0yT43Mw2XsDIT6b2GN500X73PcXb2m9IOBY0
2026-07-20 15:27:29.552 [http-nio-8080-exec-4] WARN  org.springframework.web.servlet.PageNotFound - No mapping for GET /admin/workspace/overviewOrders
2026-07-20 15:27:29.559 [http-nio-8080-exec-5] WARN  org.springframework.web.servlet.PageNotFound - No mapping for GET /admin/workspace/overviewDishes
2026-07-20 15:27:29.577 [http-nio-8080-exec-8] WARN  org.springframework.web.servlet.PageNotFound - No mapping for GET /admin/workspace/overviewSetmeals
2026-07-20 15:27:29.599 [http-nio-8080-exec-2] INFO  com.sky.interceptor.JwtTokenAdminInterceptor - 当前员工id：1
2026-07-20 15:27:29.606 [http-nio-8080-exec-2] INFO  com.sky.Aspect.LogAspect - -------------------------
开始执行方法:getStatus, 参数:[]
2026-07-20 15:27:29.719 [http-nio-8080-exec-6] WARN  org.springframework.web.servlet.PageNotFound - No mapping for GET /ws/ktlsn3fkf0i
2026-07-20 15:27:30.021 [http-nio-8080-exec-2] ERROR o.a.c.c.C.[.[localhost].[/].[dispatcherServlet] - Servlet.service() for servlet [dispatcherServlet] in context with path [] threw exception [Request processing failed; nested exception is java.lang.NullPointerException: Cannot invoke "java.lang.Integer.intValue()" because "status" is null] with root cause
java.lang.NullPointerException: Cannot invoke "java.lang.Integer.intValue()" because "status" is null
	at com.sky.controller.admin.ShopController.getStatus(ShopController.java:43)
	at com.sky.controller.admin.ShopController$$FastClassBySpringCGLIB$$27fed429.invoke(<generated>)
	at org.springframework.cglib.proxy.MethodProxy.invoke(MethodProxy.java:218)
	at org.springframework.aop.framework.CglibAopProxy$CglibMethodInvocation.invokeJoinpoint(CglibAopProxy.java:793)
	at org.springframework.aop.framework.ReflectiveMethodInvocation.proceed(ReflectiveMethodInvocation.java:163)
	at org.springframework.aop.framework.CglibAopProxy$CglibMethodInvocation.proceed(CglibAopProxy.java:763)
	at org.springframework.aop.aspectj.MethodInvocationProceedingJoinPoint.proceed(MethodInvocationProceedingJoinPoint.java:89)
	at com.sky.Aspect.LogAspect.logAround(LogAspect.java:27)
	at java.base/jdk.internal.reflect.NativeMethodAccessorImpl.invoke0(Native Method)
	at java.base/jdk.internal.reflect.NativeMethodAccessorImpl.invoke(NativeMethodAccessorImpl.java:77)
	at java.base/jdk.internal.reflect.DelegatingMethodAccessorImpl.invoke(DelegatingMethodAccessorImpl.java:43)
	at java.base/java.lang.reflect.Method.invoke(Method.java:568)
	at org.springframework.aop.aspectj.AbstractAspectJAdvice.invokeAdviceMethodWithGivenArgs(AbstractAspectJAdvice.java:634)
	at org.springframework.aop.aspectj.AbstractAspectJAdvice.invokeAdviceMethod(AbstractAspectJAdvice.java:624)
	at org.springframework.aop.aspectj.AspectJAroundAdvice.invoke(AspectJAroundAdvice.java:72)
	at org.springframework.aop.framework.ReflectiveMethodInvocation.proceed(ReflectiveMethodInvocation.java:175)
	at org.springframework.aop.framework.CglibAopProxy$CglibMethodInvocation.proceed(CglibAopProxy.java:763)
	at org.springframework.aop.interceptor.ExposeInvocationInterceptor.invoke(ExposeInvocationInterceptor.java:97)
	at org.springframework.aop.framework.ReflectiveMethodInvocation.proceed(ReflectiveMethodInvocation.java:186)
	at org.springframework.aop.framework.CglibAopProxy$CglibMethodInvocation.proceed(CglibAopProxy.java:763)
	at org.springframework.aop.framework.CglibAopProxy$DynamicAdvisedInterceptor.intercept(CglibAopProxy.java:708)
	at com.sky.controller.admin.ShopController$$EnhancerBySpringCGLIB$$943888e.getStatus(<generated>)
	at java.base/jdk.internal.reflect.NativeMethodAccessorImpl.invoke0(Native Method)
	at java.base/jdk.internal.reflect.NativeMethodAccessorImpl.invoke(NativeMethodAccessorImpl.java:77)
	at java.base/jdk.internal.reflect.DelegatingMethodAccessorImpl.invoke(DelegatingMethodAccessorImpl.java:43)
	at java.base/java.lang.reflect.Method.invoke(Method.java:568)
	at org.springframework.web.method.support.InvocableHandlerMethod.doInvoke(InvocableHandlerMethod.java:205)
	at org.springframework.web.method.support.InvocableHandlerMethod.invokeForRequest(InvocableHandlerMethod.java:150)
	at org.springframework.web.servlet.mvc.method.annotation.ServletInvocableHandlerMethod.invokeAndHandle(ServletInvocableHandlerMethod.java:117)
	at org.springframework.web.servlet.mvc.method.annotation.RequestMappingHandlerAdapter.invokeHandlerMethod(RequestMappingHandlerAdapter.java:895)
	at org.springframework.web.servlet.mvc.method.annotation.RequestMappingHandlerAdapter.handleInternal(RequestMappingHandlerAdapter.java:808)
	at org.springframework.web.servlet.mvc.method.AbstractHandlerMethodAdapter.handle(AbstractHandlerMethodAdapter.java:87)
	at org.springframework.web.servlet.DispatcherServlet.doDispatch(DispatcherServlet.java:1070)
	at org.springframework.web.servlet.DispatcherServlet.doService(DispatcherServlet.java:963)
	at org.springframework.web.servlet.FrameworkServlet.processRequest(FrameworkServlet.java:1006)
	at org.springframework.web.servlet.FrameworkServlet.doGet(FrameworkServlet.java:898)
	at javax.servlet.http.HttpServlet.service(HttpServlet.java:655)
	at org.springframework.web.servlet.FrameworkServlet.service(FrameworkServlet.java:883)
	at javax.servlet.http.HttpServlet.service(HttpServlet.java:764)
	at org.apache.catalina.core.ApplicationFilterChain.internalDoFilter(ApplicationFilterChain.java:227)
	at org.apache.catalina.core.ApplicationFilterChain.doFilter(ApplicationFilterChain.java:162)
	at org.apache.tomcat.websocket.server.WsFilter.doFilter(WsFilter.java:53)
	at org.apache.catalina.core.ApplicationFilterChain.internalDoFilter(ApplicationFilterChain.java:189)
	at org.apache.catalina.core.ApplicationFilterChain.doFilter(ApplicationFilterChain.java:162)
	at org.springframework.web.filter.CharacterEncodingFilter.doFilterInternal(CharacterEncodingFilter.java:201)
	at org.springframework.web.filter.OncePerRequestFilter.doFilter(OncePerRequestFilter.java:117)
	at org.apache.catalina.core.ApplicationFilterChain.internalDoFilter(ApplicationFilterChain.java:189)
	at org.apache.catalina.core.ApplicationFilterChain.doFilter(ApplicationFilterChain.java:162)
	at org.apache.catalina.core.StandardWrapperValve.invoke(StandardWrapperValve.java:197)
	at org.apache.catalina.core.StandardContextValve.invoke(StandardContextValve.java:97)
	at org.apache.catalina.authenticator.AuthenticatorBase.invoke(AuthenticatorBase.java:541)
	at org.apache.catalina.core.StandardHostValve.invoke(StandardHostValve.java:135)
	at org.apache.catalina.valves.ErrorReportValve.invoke(ErrorReportValve.java:92)
	at org.apache.catalina.core.StandardEngineValve.invoke(StandardEngineValve.java:78)
	at org.apache.catalina.connector.CoyoteAdapter.service(CoyoteAdapter.java:360)
	at org.apache.coyote.http11.Http11Processor.service(Http11Processor.java:399)
	at org.apache.coyote.AbstractProcessorLight.process(AbstractProcessorLight.java:65)
	at org.apache.coyote.AbstractProtocol$ConnectionHandler.process(AbstractProtocol.java:890)
	at org.apache.tomcat.util.net.NioEndpoint$SocketProcessor.doRun(NioEndpoint.java:1789)
	at org.apache.tomcat.util.net.SocketProcessorBase.run(SocketProcessorBase.java:49)
	at org.apache.tomcat.util.threads.ThreadPoolExecutor.runWorker(ThreadPoolExecutor.java:1191)
	at org.apache.tomcat.util.threads.ThreadPoolExecutor$Worker.run(ThreadPoolExecutor.java:659)
	at org.apache.tomcat.util.threads.TaskThread$WrappingRunnable.run(TaskThread.java:61)
	at java.base/java.lang.Thread.run(Thread.java:842)
2026-07-20 15:29:23.649 [SpringApplicationShutdownHook] INFO  com.alibaba.druid.pool.DruidDataSource - {dataSource-1} closing ...
2026-07-20 15:29:23.650 [SpringApplicationShutdownHook] INFO  com.alibaba.druid.pool.DruidDataSource - {dataSource-1} closed
2026-07-20 15:29:26.085 [main] INFO  com.sky.SkyServerApplication - Starting SkyServerApplication using Java 17.0.12 on Assaka with PID 34700 (C:\Assaka_sky\sky-take-out\sky-server\target\classes started by 26827 in C:\Assaka_sky)
2026-07-20 15:29:26.086 [main] INFO  com.sky.SkyServerApplication - The following 1 profile is active: "dev"
2026-07-20 15:29:26.622 [main] INFO  o.s.d.r.config.RepositoryConfigurationDelegate - Multiple Spring Data modules found, entering strict repository configuration mode
2026-07-20 15:29:26.626 [main] INFO  o.s.d.r.config.RepositoryConfigurationDelegate - Bootstrapping Spring Data Redis repositories in DEFAULT mode.
2026-07-20 15:29:26.672 [main] INFO  o.s.d.r.config.RepositoryConfigurationDelegate - Finished Spring Data repository scanning in 25 ms. Found 0 Redis repository interfaces.
2026-07-20 15:29:27.240 [main] INFO  o.s.boot.web.embedded.tomcat.TomcatWebServer - Tomcat initialized with port(s): 8080 (http)
2026-07-20 15:29:27.247 [main] INFO  org.apache.catalina.core.StandardService - Starting service [Tomcat]
2026-07-20 15:29:27.247 [main] INFO  org.apache.catalina.core.StandardEngine - Starting Servlet engine: [Apache Tomcat/9.0.65]
2026-07-20 15:29:27.317 [main] INFO  o.a.c.core.ContainerBase.[Tomcat].[localhost].[/] - Initializing Spring embedded WebApplicationContext
2026-07-20 15:29:27.317 [main] INFO  o.s.b.w.s.c.ServletWebServerApplicationContext - Root WebApplicationContext: initialization completed in 1201 ms
2026-07-20 15:29:27.412 [main] INFO  c.a.d.s.b.a.DruidDataSourceAutoConfigure - Init DruidDataSource
2026-07-20 15:29:27.497 [main] INFO  com.alibaba.druid.pool.DruidDataSource - {dataSource-1} inited
2026-07-20 15:29:27.644 [main] INFO  com.sky.config.OssConfiguration - 开始创建阿里云文件上传工具类对象......
2026-07-20 15:29:27.766 [main] INFO  com.sky.config.RedisConfiguration - 开始创建redis模板对象...
2026-07-20 15:29:27.948 [main] INFO  com.sky.config.WebMvcConfiguration - 开始注册自定义拦截器...
2026-07-20 15:29:28.021 [main] INFO  com.sky.config.WebMvcConfiguration - 扩展消息转换器...
2026-07-20 15:29:28.305 [main] INFO  o.s.boot.web.embedded.tomcat.TomcatWebServer - Tomcat started on port(s): 8080 (http) with context path ''
2026-07-20 15:29:28.465 [main] INFO  com.sky.SkyServerApplication - Started SkyServerApplication in 2.682 seconds (JVM running for 2.928)
2026-07-20 15:29:31.250 [http-nio-8080-exec-1] INFO  o.a.c.core.ContainerBase.[Tomcat].[localhost].[/] - Initializing Spring DispatcherServlet 'dispatcherServlet'
2026-07-20 15:29:31.250 [http-nio-8080-exec-1] INFO  org.springframework.web.servlet.DispatcherServlet - Initializing Servlet 'dispatcherServlet'
2026-07-20 15:29:31.251 [http-nio-8080-exec-1] INFO  org.springframework.web.servlet.DispatcherServlet - Completed initialization in 1 ms
2026-07-20 15:29:31.267 [http-nio-8080-exec-1] WARN  org.springframework.web.servlet.PageNotFound - No mapping for GET /admin/order/conditionSearch
2026-07-20 15:29:31.309 [http-nio-8080-exec-2] INFO  com.sky.interceptor.JwtTokenAdminInterceptor - jwt校验:eyJhbGciOiJIUzI1NiJ9.eyJlbXBJZCI6MSwiZXhwIjoxNzg0NTM3MTYxfQ.kekBUkV0yT43Mw2XsDIT6b2GN500X73PcXb2m9IOBY0
2026-07-20 15:29:31.324 [http-nio-8080-exec-3] WARN  org.springframework.web.servlet.PageNotFound - No mapping for GET /admin/workspace/businessData
2026-07-20 15:29:31.328 [http-nio-8080-exec-6] WARN  org.springframework.web.servlet.PageNotFound - No mapping for GET /admin/workspace/overviewOrders
2026-07-20 15:29:31.334 [http-nio-8080-exec-8] WARN  org.springframework.web.servlet.PageNotFound - No mapping for GET /admin/workspace/overviewDishes
2026-07-20 15:29:31.339 [http-nio-8080-exec-7] WARN  org.springframework.web.servlet.PageNotFound - No mapping for GET /admin/workspace/overviewSetmeals
2026-07-20 15:29:31.364 [http-nio-8080-exec-2] INFO  com.sky.interceptor.JwtTokenAdminInterceptor - 当前员工id：1
2026-07-20 15:29:31.373 [http-nio-8080-exec-2] INFO  com.sky.Aspect.LogAspect - -------------------------
开始执行方法:getStatus, 参数:[]
2026-07-20 15:29:31.492 [http-nio-8080-exec-10] WARN  org.springframework.web.servlet.PageNotFound - No mapping for GET /ws/nl6xdesms3
2026-07-20 15:29:31.758 [http-nio-8080-exec-2] ERROR o.a.c.c.C.[.[localhost].[/].[dispatcherServlet] - Servlet.service() for servlet [dispatcherServlet] in context with path [] threw exception [Request processing failed; nested exception is java.lang.NullPointerException: Cannot invoke "java.lang.Integer.intValue()" because "status" is null] with root cause
java.lang.NullPointerException: Cannot invoke "java.lang.Integer.intValue()" because "status" is null
	at com.sky.controller.admin.ShopController.getStatus(ShopController.java:47)
	at com.sky.controller.admin.ShopController$$FastClassBySpringCGLIB$$27fed429.invoke(<generated>)
	at org.springframework.cglib.proxy.MethodProxy.invoke(MethodProxy.java:218)
	at org.springframework.aop.framework.CglibAopProxy$CglibMethodInvocation.invokeJoinpoint(CglibAopProxy.java:793)
	at org.springframework.aop.framework.ReflectiveMethodInvocation.proceed(ReflectiveMethodInvocation.java:163)
	at org.springframework.aop.framework.CglibAopProxy$CglibMethodInvocation.proceed(CglibAopProxy.java:763)
	at org.springframework.aop.aspectj.MethodInvocationProceedingJoinPoint.proceed(MethodInvocationProceedingJoinPoint.java:89)
	at com.sky.Aspect.LogAspect.logAround(LogAspect.java:27)
	at java.base/jdk.internal.reflect.NativeMethodAccessorImpl.invoke0(Native Method)
	at java.base/jdk.internal.reflect.NativeMethodAccessorImpl.invoke(NativeMethodAccessorImpl.java:77)
	at java.base/jdk.internal.reflect.DelegatingMethodAccessorImpl.invoke(DelegatingMethodAccessorImpl.java:43)
	at java.base/java.lang.reflect.Method.invoke(Method.java:568)
	at org.springframework.aop.aspectj.AbstractAspectJAdvice.invokeAdviceMethodWithGivenArgs(AbstractAspectJAdvice.java:634)
	at org.springframework.aop.aspectj.AbstractAspectJAdvice.invokeAdviceMethod(AbstractAspectJAdvice.java:624)
	at org.springframework.aop.aspectj.AspectJAroundAdvice.invoke(AspectJAroundAdvice.java:72)
	at org.springframework.aop.framework.ReflectiveMethodInvocation.proceed(ReflectiveMethodInvocation.java:175)
	at org.springframework.aop.framework.CglibAopProxy$CglibMethodInvocation.proceed(CglibAopProxy.java:763)
	at org.springframework.aop.interceptor.ExposeInvocationInterceptor.invoke(ExposeInvocationInterceptor.java:97)
	at org.springframework.aop.framework.ReflectiveMethodInvocation.proceed(ReflectiveMethodInvocation.java:186)
	at org.springframework.aop.framework.CglibAopProxy$CglibMethodInvocation.proceed(CglibAopProxy.java:763)
	at org.springframework.aop.framework.CglibAopProxy$DynamicAdvisedInterceptor.intercept(CglibAopProxy.java:708)
	at com.sky.controller.admin.ShopController$$EnhancerBySpringCGLIB$$b804ecb3.getStatus(<generated>)
	at java.base/jdk.internal.reflect.NativeMethodAccessorImpl.invoke0(Native Method)
	at java.base/jdk.internal.reflect.NativeMethodAccessorImpl.invoke(NativeMethodAccessorImpl.java:77)
	at java.base/jdk.internal.reflect.DelegatingMethodAccessorImpl.invoke(DelegatingMethodAccessorImpl.java:43)
	at java.base/java.lang.reflect.Method.invoke(Method.java:568)
	at org.springframework.web.method.support.InvocableHandlerMethod.doInvoke(InvocableHandlerMethod.java:205)
	at org.springframework.web.method.support.InvocableHandlerMethod.invokeForRequest(InvocableHandlerMethod.java:150)
	at org.springframework.web.servlet.mvc.method.annotation.ServletInvocableHandlerMethod.invokeAndHandle(ServletInvocableHandlerMethod.java:117)
	at org.springframework.web.servlet.mvc.method.annotation.RequestMappingHandlerAdapter.invokeHandlerMethod(RequestMappingHandlerAdapter.java:895)
	at org.springframework.web.servlet.mvc.method.annotation.RequestMappingHandlerAdapter.handleInternal(RequestMappingHandlerAdapter.java:808)
	at org.springframework.web.servlet.mvc.method.AbstractHandlerMethodAdapter.handle(AbstractHandlerMethodAdapter.java:87)
	at org.springframework.web.servlet.DispatcherServlet.doDispatch(DispatcherServlet.java:1070)
	at org.springframework.web.servlet.DispatcherServlet.doService(DispatcherServlet.java:963)
	at org.springframework.web.servlet.FrameworkServlet.processRequest(FrameworkServlet.java:1006)
	at org.springframework.web.servlet.FrameworkServlet.doGet(FrameworkServlet.java:898)
	at javax.servlet.http.HttpServlet.service(HttpServlet.java:655)
	at org.springframework.web.servlet.FrameworkServlet.service(FrameworkServlet.java:883)
	at javax.servlet.http.HttpServlet.service(HttpServlet.java:764)
	at org.apache.catalina.core.ApplicationFilterChain.internalDoFilter(ApplicationFilterChain.java:227)
	at org.apache.catalina.core.ApplicationFilterChain.doFilter(ApplicationFilterChain.java:162)
	at org.apache.tomcat.websocket.server.WsFilter.doFilter(WsFilter.java:53)
	at org.apache.catalina.core.ApplicationFilterChain.internalDoFilter(ApplicationFilterChain.java:189)
	at org.apache.catalina.core.ApplicationFilterChain.doFilter(ApplicationFilterChain.java:162)
	at org.springframework.web.filter.CharacterEncodingFilter.doFilterInternal(CharacterEncodingFilter.java:201)
	at org.springframework.web.filter.OncePerRequestFilter.doFilter(OncePerRequestFilter.java:117)
	at org.apache.catalina.core.ApplicationFilterChain.internalDoFilter(ApplicationFilterChain.java:189)
	at org.apache.catalina.core.ApplicationFilterChain.doFilter(ApplicationFilterChain.java:162)
	at org.apache.catalina.core.StandardWrapperValve.invoke(StandardWrapperValve.java:197)
	at org.apache.catalina.core.StandardContextValve.invoke(StandardContextValve.java:97)
	at org.apache.catalina.authenticator.AuthenticatorBase.invoke(AuthenticatorBase.java:541)
	at org.apache.catalina.core.StandardHostValve.invoke(StandardHostValve.java:135)
	at org.apache.catalina.valves.ErrorReportValve.invoke(ErrorReportValve.java:92)
	at org.apache.catalina.core.StandardEngineValve.invoke(StandardEngineValve.java:78)
	at org.apache.catalina.connector.CoyoteAdapter.service(CoyoteAdapter.java:360)
	at org.apache.coyote.http11.Http11Processor.service(Http11Processor.java:399)
	at org.apache.coyote.AbstractProcessorLight.process(AbstractProcessorLight.java:65)
	at org.apache.coyote.AbstractProtocol$ConnectionHandler.process(AbstractProtocol.java:890)
	at org.apache.tomcat.util.net.NioEndpoint$SocketProcessor.doRun(NioEndpoint.java:1789)
	at org.apache.tomcat.util.net.SocketProcessorBase.run(SocketProcessorBase.java:49)
	at org.apache.tomcat.util.threads.ThreadPoolExecutor.runWorker(ThreadPoolExecutor.java:1191)
	at org.apache.tomcat.util.threads.ThreadPoolExecutor$Worker.run(ThreadPoolExecutor.java:659)
	at org.apache.tomcat.util.threads.TaskThread$WrappingRunnable.run(TaskThread.java:61)
	at java.base/java.lang.Thread.run(Thread.java:842)
2026-07-20 15:32:09.454 [SpringApplicationShutdownHook] INFO  com.alibaba.druid.pool.DruidDataSource - {dataSource-1} closing ...
2026-07-20 15:32:09.455 [SpringApplicationShutdownHook] INFO  com.alibaba.druid.pool.DruidDataSource - {dataSource-1} closed
2026-07-20 15:32:12.004 [main] INFO  com.sky.SkyServerApplication - Starting SkyServerApplication using Java 17.0.12 on Assaka with PID 42396 (C:\Assaka_sky\sky-take-out\sky-server\target\classes started by 26827 in C:\Assaka_sky)
2026-07-20 15:32:12.006 [main] INFO  com.sky.SkyServerApplication - The following 1 profile is active: "dev"
2026-07-20 15:32:12.503 [main] INFO  o.s.d.r.config.RepositoryConfigurationDelegate - Multiple Spring Data modules found, entering strict repository configuration mode
2026-07-20 15:32:12.504 [main] INFO  o.s.d.r.config.RepositoryConfigurationDelegate - Bootstrapping Spring Data Redis repositories in DEFAULT mode.
2026-07-20 15:32:12.525 [main] INFO  o.s.d.r.config.RepositoryConfigurationDelegate - Finished Spring Data repository scanning in 12 ms. Found 0 Redis repository interfaces.
2026-07-20 15:32:13.038 [main] INFO  o.s.boot.web.embedded.tomcat.TomcatWebServer - Tomcat initialized with port(s): 8080 (http)
2026-07-20 15:32:13.043 [main] INFO  org.apache.catalina.core.StandardService - Starting service [Tomcat]
2026-07-20 15:32:13.045 [main] INFO  org.apache.catalina.core.StandardEngine - Starting Servlet engine: [Apache Tomcat/9.0.65]
2026-07-20 15:32:13.115 [main] INFO  o.a.c.core.ContainerBase.[Tomcat].[localhost].[/] - Initializing Spring embedded WebApplicationContext
2026-07-20 15:32:13.115 [main] INFO  o.s.b.w.s.c.ServletWebServerApplicationContext - Root WebApplicationContext: initialization completed in 1079 ms
2026-07-20 15:32:13.211 [main] INFO  c.a.d.s.b.a.DruidDataSourceAutoConfigure - Init DruidDataSource
2026-07-20 15:32:13.294 [main] INFO  com.alibaba.druid.pool.DruidDataSource - {dataSource-1} inited
2026-07-20 15:32:13.435 [main] INFO  com.sky.config.OssConfiguration - 开始创建阿里云文件上传工具类对象......
2026-07-20 15:32:13.561 [main] INFO  com.sky.config.RedisConfiguration - 开始创建redis模板对象...
2026-07-20 15:32:13.738 [main] INFO  com.sky.config.WebMvcConfiguration - 开始注册自定义拦截器...
2026-07-20 15:32:13.814 [main] INFO  com.sky.config.WebMvcConfiguration - 扩展消息转换器...
2026-07-20 15:32:14.129 [main] INFO  o.s.boot.web.embedded.tomcat.TomcatWebServer - Tomcat started on port(s): 8080 (http) with context path ''
2026-07-20 15:32:14.316 [main] INFO  com.sky.SkyServerApplication - Started SkyServerApplication in 2.614 seconds (JVM running for 2.862)
2026-07-20 15:32:17.472 [http-nio-8080-exec-1] INFO  o.a.c.core.ContainerBase.[Tomcat].[localhost].[/] - Initializing Spring DispatcherServlet 'dispatcherServlet'
2026-07-20 15:32:17.473 [http-nio-8080-exec-1] INFO  org.springframework.web.servlet.DispatcherServlet - Initializing Servlet 'dispatcherServlet'
2026-07-20 15:32:17.474 [http-nio-8080-exec-1] INFO  org.springframework.web.servlet.DispatcherServlet - Completed initialization in 1 ms
2026-07-20 15:32:17.489 [http-nio-8080-exec-1] WARN  org.springframework.web.servlet.PageNotFound - No mapping for GET /admin/order/conditionSearch
2026-07-20 15:32:17.530 [http-nio-8080-exec-2] INFO  com.sky.interceptor.JwtTokenAdminInterceptor - jwt校验:eyJhbGciOiJIUzI1NiJ9.eyJlbXBJZCI6MSwiZXhwIjoxNzg0NTM3MTYxfQ.kekBUkV0yT43Mw2XsDIT6b2GN500X73PcXb2m9IOBY0
2026-07-20 15:32:17.538 [http-nio-8080-exec-3] WARN  org.springframework.web.servlet.PageNotFound - No mapping for GET /admin/workspace/businessData
2026-07-20 15:32:17.559 [http-nio-8080-exec-4] WARN  org.springframework.web.servlet.PageNotFound - No mapping for GET /admin/workspace/overviewOrders
2026-07-20 15:32:17.575 [http-nio-8080-exec-5] WARN  org.springframework.web.servlet.PageNotFound - No mapping for GET /admin/workspace/overviewDishes
2026-07-20 15:32:17.581 [http-nio-8080-exec-6] WARN  org.springframework.web.servlet.PageNotFound - No mapping for GET /admin/workspace/overviewSetmeals
2026-07-20 15:32:17.582 [http-nio-8080-exec-2] INFO  com.sky.interceptor.JwtTokenAdminInterceptor - 当前员工id：1
2026-07-20 15:32:17.591 [http-nio-8080-exec-2] INFO  com.sky.Aspect.LogAspect - -------------------------
开始执行方法:getStatus, 参数:[]
2026-07-20 15:32:17.715 [http-nio-8080-exec-7] WARN  org.springframework.web.servlet.PageNotFound - No mapping for GET /ws/catv8ffwri
2026-07-20 15:32:17.955 [http-nio-8080-exec-2] INFO  com.sky.controller.admin.ShopController - 获取到店铺的营业状态为：打烊中
2026-07-20 15:32:17.956 [http-nio-8080-exec-2] INFO  com.sky.Aspect.LogAspect - 方法:getStatus 执行完毕, 耗时:365ms, 返回值:Result(code=1, msg=null, data=0)
2026-07-20 15:32:44.547 [http-nio-8080-exec-8] INFO  com.sky.interceptor.JwtTokenAdminInterceptor - jwt校验:eyJhbGciOiJIUzI1NiJ9.eyJlbXBJZCI6MSwiZXhwIjoxNzg0NTM3MTYxfQ.kekBUkV0yT43Mw2XsDIT6b2GN500X73PcXb2m9IOBY0
2026-07-20 15:32:44.548 [http-nio-8080-exec-8] INFO  com.sky.interceptor.JwtTokenAdminInterceptor - 当前员工id：1
2026-07-20 15:32:44.553 [http-nio-8080-exec-8] INFO  com.sky.Aspect.LogAspect - -------------------------
开始执行方法:status, 参数:[1]
2026-07-20 15:32:44.553 [http-nio-8080-exec-8] INFO  com.sky.controller.admin.ShopController - 设置营业状态为：营业中
2026-07-20 15:32:44.557 [http-nio-8080-exec-8] INFO  com.sky.Aspect.LogAspect - 方法:status 执行完毕, 耗时:4ms, 返回值:Result(code=1, msg=null, data=null)
2026-07-20 15:32:44.576 [http-nio-8080-exec-10] INFO  com.sky.interceptor.JwtTokenAdminInterceptor - jwt校验:eyJhbGciOiJIUzI1NiJ9.eyJlbXBJZCI6MSwiZXhwIjoxNzg0NTM3MTYxfQ.kekBUkV0yT43Mw2XsDIT6b2GN500X73PcXb2m9IOBY0
2026-07-20 15:32:44.577 [http-nio-8080-exec-10] INFO  com.sky.interceptor.JwtTokenAdminInterceptor - 当前员工id：1
2026-07-20 15:32:44.578 [http-nio-8080-exec-10] INFO  com.sky.Aspect.LogAspect - -------------------------
开始执行方法:getStatus, 参数:[]
2026-07-20 15:32:44.590 [http-nio-8080-exec-10] INFO  com.sky.controller.admin.ShopController - 获取到店铺的营业状态为：营业中
2026-07-20 15:32:44.590 [http-nio-8080-exec-10] INFO  com.sky.Aspect.LogAspect - 方法:getStatus 执行完毕, 耗时:12ms, 返回值:Result(code=1, msg=null, data=1)
2026-07-20 15:33:05.617 [SpringApplicationShutdownHook] INFO  com.alibaba.druid.pool.DruidDataSource - {dataSource-1} closing ...
2026-07-20 15:33:05.618 [SpringApplicationShutdownHook] INFO  com.alibaba.druid.pool.DruidDataSource - {dataSource-1} closed
2026-07-20 15:33:08.068 [main] INFO  com.sky.SkyServerApplication - Starting SkyServerApplication using Java 17.0.12 on Assaka with PID 32560 (C:\Assaka_sky\sky-take-out\sky-server\target\classes started by 26827 in C:\Assaka_sky)
2026-07-20 15:33:08.070 [main] INFO  com.sky.SkyServerApplication - The following 1 profile is active: "dev"
2026-07-20 15:33:08.565 [main] INFO  o.s.d.r.config.RepositoryConfigurationDelegate - Multiple Spring Data modules found, entering strict repository configuration mode
2026-07-20 15:33:08.565 [main] INFO  o.s.d.r.config.RepositoryConfigurationDelegate - Bootstrapping Spring Data Redis repositories in DEFAULT mode.
2026-07-20 15:33:08.587 [main] INFO  o.s.d.r.config.RepositoryConfigurationDelegate - Finished Spring Data repository scanning in 11 ms. Found 0 Redis repository interfaces.
2026-07-20 15:33:09.097 [main] INFO  o.s.boot.web.embedded.tomcat.TomcatWebServer - Tomcat initialized with port(s): 8080 (http)
2026-07-20 15:33:09.103 [main] INFO  org.apache.catalina.core.StandardService - Starting service [Tomcat]
2026-07-20 15:33:09.104 [main] INFO  org.apache.catalina.core.StandardEngine - Starting Servlet engine: [Apache Tomcat/9.0.65]
2026-07-20 15:33:09.173 [main] INFO  o.a.c.core.ContainerBase.[Tomcat].[localhost].[/] - Initializing Spring embedded WebApplicationContext
2026-07-20 15:33:09.173 [main] INFO  o.s.b.w.s.c.ServletWebServerApplicationContext - Root WebApplicationContext: initialization completed in 1071 ms
2026-07-20 15:33:09.270 [main] INFO  c.a.d.s.b.a.DruidDataSourceAutoConfigure - Init DruidDataSource
2026-07-20 15:33:09.352 [main] INFO  com.alibaba.druid.pool.DruidDataSource - {dataSource-1} inited
2026-07-20 15:33:09.488 [main] INFO  com.sky.config.OssConfiguration - 开始创建阿里云文件上传工具类对象......
2026-07-20 15:33:09.611 [main] INFO  com.sky.config.RedisConfiguration - 开始创建redis模板对象...
2026-07-20 15:33:09.786 [main] INFO  com.sky.config.WebMvcConfiguration - 开始注册自定义拦截器...
2026-07-20 15:33:09.860 [main] INFO  com.sky.config.WebMvcConfiguration - 扩展消息转换器...
2026-07-20 15:33:10.141 [main] INFO  o.s.boot.web.embedded.tomcat.TomcatWebServer - Tomcat started on port(s): 8080 (http) with context path ''
2026-07-20 15:33:10.296 [main] INFO  com.sky.SkyServerApplication - Started SkyServerApplication in 2.544 seconds (JVM running for 2.787)
2026-07-20 15:33:12.487 [http-nio-8080-exec-10] INFO  o.a.c.core.ContainerBase.[Tomcat].[localhost].[/] - Initializing Spring DispatcherServlet 'dispatcherServlet'
2026-07-20 15:33:12.487 [http-nio-8080-exec-10] INFO  org.springframework.web.servlet.DispatcherServlet - Initializing Servlet 'dispatcherServlet'
2026-07-20 15:33:12.488 [http-nio-8080-exec-10] INFO  org.springframework.web.servlet.DispatcherServlet - Completed initialization in 0 ms
2026-07-20 15:33:12.499 [http-nio-8080-exec-7] INFO  com.sky.interceptor.JwtTokenAdminInterceptor - jwt校验:eyJhbGciOiJIUzI1NiJ9.eyJlbXBJZCI6MSwiZXhwIjoxNzg0NTM3MTYxfQ.kekBUkV0yT43Mw2XsDIT6b2GN500X73PcXb2m9IOBY0
2026-07-20 15:33:12.501 [http-nio-8080-exec-9] WARN  org.springframework.web.servlet.PageNotFound - No mapping for GET /admin/workspace/businessData
2026-07-20 15:33:12.501 [http-nio-8080-exec-5] WARN  org.springframework.web.servlet.PageNotFound - No mapping for GET /admin/workspace/overviewSetmeals
2026-07-20 15:33:12.501 [http-nio-8080-exec-1] WARN  org.springframework.web.servlet.PageNotFound - No mapping for GET /admin/workspace/overviewOrders
2026-07-20 15:33:12.501 [http-nio-8080-exec-10] WARN  org.springframework.web.servlet.PageNotFound - No mapping for GET /admin/order/conditionSearch
2026-07-20 15:33:12.501 [http-nio-8080-exec-4] WARN  org.springframework.web.servlet.PageNotFound - No mapping for GET /admin/workspace/overviewDishes
2026-07-20 15:33:12.550 [http-nio-8080-exec-7] INFO  com.sky.interceptor.JwtTokenAdminInterceptor - 当前员工id：1
2026-07-20 15:33:12.558 [http-nio-8080-exec-7] INFO  com.sky.Aspect.LogAspect - -------------------------
开始执行方法:getStatus, 参数:[]
2026-07-20 15:33:12.732 [http-nio-8080-exec-3] WARN  org.springframework.web.servlet.PageNotFound - No mapping for GET /ws/sj6aetqef5f
2026-07-20 15:33:12.986 [http-nio-8080-exec-7] INFO  com.sky.controller.admin.ShopController - 获取到店铺的营业状态为：营业中
2026-07-20 15:33:12.986 [http-nio-8080-exec-7] INFO  com.sky.Aspect.LogAspect - 方法:getStatus 执行完毕, 耗时:428ms, 返回值:Result(code=1, msg=null, data=1)
2026-07-20 15:33:17.700 [http-nio-8080-exec-8] INFO  com.sky.interceptor.JwtTokenAdminInterceptor - jwt校验:eyJhbGciOiJIUzI1NiJ9.eyJlbXBJZCI6MSwiZXhwIjoxNzg0NTM3MTYxfQ.kekBUkV0yT43Mw2XsDIT6b2GN500X73PcXb2m9IOBY0
2026-07-20 15:33:17.701 [http-nio-8080-exec-8] INFO  com.sky.interceptor.JwtTokenAdminInterceptor - 当前员工id：1
2026-07-20 15:33:17.707 [http-nio-8080-exec-8] INFO  com.sky.Aspect.LogAspect - -------------------------
开始执行方法:status, 参数:[0]
2026-07-20 15:33:17.708 [http-nio-8080-exec-8] INFO  com.sky.controller.admin.ShopController - 设置营业状态为：打烊中
2026-07-20 15:33:17.712 [http-nio-8080-exec-8] ERROR o.a.c.c.C.[.[localhost].[/].[dispatcherServlet] - Servlet.service() for servlet [dispatcherServlet] in context with path [] threw exception [Request processing failed; nested exception is java.lang.ClassCastException: class java.lang.Integer cannot be cast to class java.lang.String (java.lang.Integer and java.lang.String are in module java.base of loader 'bootstrap')] with root cause
java.lang.ClassCastException: class java.lang.Integer cannot be cast to class java.lang.String (java.lang.Integer and java.lang.String are in module java.base of loader 'bootstrap')
	at org.springframework.data.redis.serializer.StringRedisSerializer.serialize(StringRedisSerializer.java:36)
	at org.springframework.data.redis.core.AbstractOperations.rawValue(AbstractOperations.java:128)
	at org.springframework.data.redis.core.DefaultValueOperations.set(DefaultValueOperations.java:304)
	at com.sky.controller.admin.ShopController.status(ShopController.java:35)
	at com.sky.controller.admin.ShopController$$FastClassBySpringCGLIB$$27fed429.invoke(<generated>)
	at org.springframework.cglib.proxy.MethodProxy.invoke(MethodProxy.java:218)
	at org.springframework.aop.framework.CglibAopProxy$CglibMethodInvocation.invokeJoinpoint(CglibAopProxy.java:793)
	at org.springframework.aop.framework.ReflectiveMethodInvocation.proceed(ReflectiveMethodInvocation.java:163)
	at org.springframework.aop.framework.CglibAopProxy$CglibMethodInvocation.proceed(CglibAopProxy.java:763)
	at org.springframework.aop.aspectj.MethodInvocationProceedingJoinPoint.proceed(MethodInvocationProceedingJoinPoint.java:89)
	at com.sky.Aspect.LogAspect.logAround(LogAspect.java:27)
	at java.base/jdk.internal.reflect.NativeMethodAccessorImpl.invoke0(Native Method)
	at java.base/jdk.internal.reflect.NativeMethodAccessorImpl.invoke(NativeMethodAccessorImpl.java:77)
	at java.base/jdk.internal.reflect.DelegatingMethodAccessorImpl.invoke(DelegatingMethodAccessorImpl.java:43)
	at java.base/java.lang.reflect.Method.invoke(Method.java:568)
	at org.springframework.aop.aspectj.AbstractAspectJAdvice.invokeAdviceMethodWithGivenArgs(AbstractAspectJAdvice.java:634)
	at org.springframework.aop.aspectj.AbstractAspectJAdvice.invokeAdviceMethod(AbstractAspectJAdvice.java:624)
	at org.springframework.aop.aspectj.AspectJAroundAdvice.invoke(AspectJAroundAdvice.java:72)
	at org.springframework.aop.framework.ReflectiveMethodInvocation.proceed(ReflectiveMethodInvocation.java:175)
	at org.springframework.aop.framework.CglibAopProxy$CglibMethodInvocation.proceed(CglibAopProxy.java:763)
	at org.springframework.aop.interceptor.ExposeInvocationInterceptor.invoke(ExposeInvocationInterceptor.java:97)
	at org.springframework.aop.framework.ReflectiveMethodInvocation.proceed(ReflectiveMethodInvocation.java:186)
	at org.springframework.aop.framework.CglibAopProxy$CglibMethodInvocation.proceed(CglibAopProxy.java:763)
	at org.springframework.aop.framework.CglibAopProxy$DynamicAdvisedInterceptor.intercept(CglibAopProxy.java:708)
	at com.sky.controller.admin.ShopController$$EnhancerBySpringCGLIB$$5288ec7c.status(<generated>)
	at java.base/jdk.internal.reflect.NativeMethodAccessorImpl.invoke0(Native Method)
	at java.base/jdk.internal.reflect.NativeMethodAccessorImpl.invoke(NativeMethodAccessorImpl.java:77)
	at java.base/jdk.internal.reflect.DelegatingMethodAccessorImpl.invoke(DelegatingMethodAccessorImpl.java:43)
	at java.base/java.lang.reflect.Method.invoke(Method.java:568)
	at org.springframework.web.method.support.InvocableHandlerMethod.doInvoke(InvocableHandlerMethod.java:205)
	at org.springframework.web.method.support.InvocableHandlerMethod.invokeForRequest(InvocableHandlerMethod.java:150)
	at org.springframework.web.servlet.mvc.method.annotation.ServletInvocableHandlerMethod.invokeAndHandle(ServletInvocableHandlerMethod.java:117)
	at org.springframework.web.servlet.mvc.method.annotation.RequestMappingHandlerAdapter.invokeHandlerMethod(RequestMappingHandlerAdapter.java:895)
	at org.springframework.web.servlet.mvc.method.annotation.RequestMappingHandlerAdapter.handleInternal(RequestMappingHandlerAdapter.java:808)
	at org.springframework.web.servlet.mvc.method.AbstractHandlerMethodAdapter.handle(AbstractHandlerMethodAdapter.java:87)
	at org.springframework.web.servlet.DispatcherServlet.doDispatch(DispatcherServlet.java:1070)
	at org.springframework.web.servlet.DispatcherServlet.doService(DispatcherServlet.java:963)
	at org.springframework.web.servlet.FrameworkServlet.processRequest(FrameworkServlet.java:1006)
	at org.springframework.web.servlet.FrameworkServlet.doPut(FrameworkServlet.java:920)
	at javax.servlet.http.HttpServlet.service(HttpServlet.java:684)
	at org.springframework.web.servlet.FrameworkServlet.service(FrameworkServlet.java:883)
	at javax.servlet.http.HttpServlet.service(HttpServlet.java:764)
	at org.apache.catalina.core.ApplicationFilterChain.internalDoFilter(ApplicationFilterChain.java:227)
	at org.apache.catalina.core.ApplicationFilterChain.doFilter(ApplicationFilterChain.java:162)
	at org.apache.tomcat.websocket.server.WsFilter.doFilter(WsFilter.java:53)
	at org.apache.catalina.core.ApplicationFilterChain.internalDoFilter(ApplicationFilterChain.java:189)
	at org.apache.catalina.core.ApplicationFilterChain.doFilter(ApplicationFilterChain.java:162)
	at org.springframework.web.filter.CharacterEncodingFilter.doFilterInternal(CharacterEncodingFilter.java:201)
	at org.springframework.web.filter.OncePerRequestFilter.doFilter(OncePerRequestFilter.java:117)
	at org.apache.catalina.core.ApplicationFilterChain.internalDoFilter(ApplicationFilterChain.java:189)
	at org.apache.catalina.core.ApplicationFilterChain.doFilter(ApplicationFilterChain.java:162)
	at org.apache.catalina.core.StandardWrapperValve.invoke(StandardWrapperValve.java:197)
	at org.apache.catalina.core.StandardContextValve.invoke(StandardContextValve.java:97)
	at org.apache.catalina.authenticator.AuthenticatorBase.invoke(AuthenticatorBase.java:541)
	at org.apache.catalina.core.StandardHostValve.invoke(StandardHostValve.java:135)
	at org.apache.catalina.valves.ErrorReportValve.invoke(ErrorReportValve.java:92)
	at org.apache.catalina.core.StandardEngineValve.invoke(StandardEngineValve.java:78)
	at org.apache.catalina.connector.CoyoteAdapter.service(CoyoteAdapter.java:360)
	at org.apache.coyote.http11.Http11Processor.service(Http11Processor.java:399)
	at org.apache.coyote.AbstractProcessorLight.process(AbstractProcessorLight.java:65)
	at org.apache.coyote.AbstractProtocol$ConnectionHandler.process(AbstractProtocol.java:890)
	at org.apache.tomcat.util.net.NioEndpoint$SocketProcessor.doRun(NioEndpoint.java:1789)
	at org.apache.tomcat.util.net.SocketProcessorBase.run(SocketProcessorBase.java:49)
	at org.apache.tomcat.util.threads.ThreadPoolExecutor.runWorker(ThreadPoolExecutor.java:1191)
	at org.apache.tomcat.util.threads.ThreadPoolExecutor$Worker.run(ThreadPoolExecutor.java:659)
	at org.apache.tomcat.util.threads.TaskThread$WrappingRunnable.run(TaskThread.java:61)
	at java.base/java.lang.Thread.run(Thread.java:842)
2026-07-20 15:33:25.847 [SpringApplicationShutdownHook] INFO  com.alibaba.druid.pool.DruidDataSource - {dataSource-1} closing ...
2026-07-20 15:33:25.847 [SpringApplicationShutdownHook] INFO  com.alibaba.druid.pool.DruidDataSource - {dataSource-1} closed
2026-07-20 15:33:28.256 [main] INFO  com.sky.SkyServerApplication - Starting SkyServerApplication using Java 17.0.12 on Assaka with PID 31244 (C:\Assaka_sky\sky-take-out\sky-server\target\classes started by 26827 in C:\Assaka_sky)
2026-07-20 15:33:28.259 [main] INFO  com.sky.SkyServerApplication - The following 1 profile is active: "dev"
2026-07-20 15:33:28.755 [main] INFO  o.s.d.r.config.RepositoryConfigurationDelegate - Multiple Spring Data modules found, entering strict repository configuration mode
2026-07-20 15:33:28.756 [main] INFO  o.s.d.r.config.RepositoryConfigurationDelegate - Bootstrapping Spring Data Redis repositories in DEFAULT mode.
2026-07-20 15:33:28.776 [main] INFO  o.s.d.r.config.RepositoryConfigurationDelegate - Finished Spring Data repository scanning in 11 ms. Found 0 Redis repository interfaces.
2026-07-20 15:33:29.317 [main] INFO  o.s.boot.web.embedded.tomcat.TomcatWebServer - Tomcat initialized with port(s): 8080 (http)
2026-07-20 15:33:29.324 [main] INFO  org.apache.catalina.core.StandardService - Starting service [Tomcat]
2026-07-20 15:33:29.324 [main] INFO  org.apache.catalina.core.StandardEngine - Starting Servlet engine: [Apache Tomcat/9.0.65]
2026-07-20 15:33:29.398 [main] INFO  o.a.c.core.ContainerBase.[Tomcat].[localhost].[/] - Initializing Spring embedded WebApplicationContext
2026-07-20 15:33:29.399 [main] INFO  o.s.b.w.s.c.ServletWebServerApplicationContext - Root WebApplicationContext: initialization completed in 1113 ms
2026-07-20 15:33:29.500 [main] INFO  c.a.d.s.b.a.DruidDataSourceAutoConfigure - Init DruidDataSource
2026-07-20 15:33:29.585 [main] INFO  com.alibaba.druid.pool.DruidDataSource - {dataSource-1} inited
2026-07-20 15:33:29.722 [main] INFO  com.sky.config.OssConfiguration - 开始创建阿里云文件上传工具类对象......
2026-07-20 15:33:29.854 [main] INFO  com.sky.config.RedisConfiguration - 开始创建redis模板对象...
2026-07-20 15:33:30.034 [main] INFO  com.sky.config.WebMvcConfiguration - 开始注册自定义拦截器...
2026-07-20 15:33:30.120 [main] INFO  com.sky.config.WebMvcConfiguration - 扩展消息转换器...
2026-07-20 15:33:30.417 [main] INFO  o.s.boot.web.embedded.tomcat.TomcatWebServer - Tomcat started on port(s): 8080 (http) with context path ''
2026-07-20 15:33:30.584 [main] INFO  com.sky.SkyServerApplication - Started SkyServerApplication in 2.639 seconds (JVM running for 2.883)
2026-07-20 15:33:33.058 [http-nio-8080-exec-2] INFO  o.a.c.core.ContainerBase.[Tomcat].[localhost].[/] - Initializing Spring DispatcherServlet 'dispatcherServlet'
2026-07-20 15:33:33.058 [http-nio-8080-exec-2] INFO  org.springframework.web.servlet.DispatcherServlet - Initializing Servlet 'dispatcherServlet'
2026-07-20 15:33:33.060 [http-nio-8080-exec-2] INFO  org.springframework.web.servlet.DispatcherServlet - Completed initialization in 1 ms
2026-07-20 15:33:33.078 [http-nio-8080-exec-8] WARN  org.springframework.web.servlet.PageNotFound - No mapping for GET /admin/workspace/overviewDishes
2026-07-20 15:33:33.078 [http-nio-8080-exec-3] WARN  org.springframework.web.servlet.PageNotFound - No mapping for GET /admin/workspace/overviewOrders
2026-07-20 15:33:33.078 [http-nio-8080-exec-6] WARN  org.springframework.web.servlet.PageNotFound - No mapping for GET /admin/workspace/overviewSetmeals
2026-07-20 15:33:33.077 [http-nio-8080-exec-2] INFO  com.sky.interceptor.JwtTokenAdminInterceptor - jwt校验:eyJhbGciOiJIUzI1NiJ9.eyJlbXBJZCI6MSwiZXhwIjoxNzg0NTM3MTYxfQ.kekBUkV0yT43Mw2XsDIT6b2GN500X73PcXb2m9IOBY0
2026-07-20 15:33:33.078 [http-nio-8080-exec-7] WARN  org.springframework.web.servlet.PageNotFound - No mapping for GET /admin/order/conditionSearch
2026-07-20 15:33:33.078 [http-nio-8080-exec-1] WARN  org.springframework.web.servlet.PageNotFound - No mapping for GET /admin/workspace/businessData
2026-07-20 15:33:33.151 [http-nio-8080-exec-2] INFO  com.sky.interceptor.JwtTokenAdminInterceptor - 当前员工id：1
2026-07-20 15:33:33.163 [http-nio-8080-exec-2] INFO  com.sky.Aspect.LogAspect - -------------------------
开始执行方法:getStatus, 参数:[]
2026-07-20 15:33:33.297 [http-nio-8080-exec-4] WARN  org.springframework.web.servlet.PageNotFound - No mapping for GET /ws/aytarexm10e
2026-07-20 15:33:33.589 [http-nio-8080-exec-2] INFO  com.sky.controller.admin.ShopController - 获取到店铺的营业状态为：营业中
2026-07-20 15:33:33.590 [http-nio-8080-exec-2] INFO  com.sky.Aspect.LogAspect - 方法:getStatus 执行完毕, 耗时:427ms, 返回值:Result(code=1, msg=null, data=1)
2026-07-20 15:33:37.311 [http-nio-8080-exec-9] INFO  com.sky.interceptor.JwtTokenAdminInterceptor - jwt校验:eyJhbGciOiJIUzI1NiJ9.eyJlbXBJZCI6MSwiZXhwIjoxNzg0NTM3MTYxfQ.kekBUkV0yT43Mw2XsDIT6b2GN500X73PcXb2m9IOBY0
2026-07-20 15:33:37.313 [http-nio-8080-exec-9] INFO  com.sky.interceptor.JwtTokenAdminInterceptor - 当前员工id：1
2026-07-20 15:33:37.319 [http-nio-8080-exec-9] INFO  com.sky.Aspect.LogAspect - -------------------------
开始执行方法:status, 参数:[0]
2026-07-20 15:33:37.319 [http-nio-8080-exec-9] INFO  com.sky.controller.admin.ShopController - 设置营业状态为：打烊中
2026-07-20 15:33:37.323 [http-nio-8080-exec-9] INFO  com.sky.Aspect.LogAspect - 方法:status 执行完毕, 耗时:4ms, 返回值:Result(code=1, msg=null, data=null)
2026-07-20 15:33:37.342 [http-nio-8080-exec-5] INFO  com.sky.interceptor.JwtTokenAdminInterceptor - jwt校验:eyJhbGciOiJIUzI1NiJ9.eyJlbXBJZCI6MSwiZXhwIjoxNzg0NTM3MTYxfQ.kekBUkV0yT43Mw2XsDIT6b2GN500X73PcXb2m9IOBY0
2026-07-20 15:33:37.342 [http-nio-8080-exec-5] INFO  com.sky.interceptor.JwtTokenAdminInterceptor - 当前员工id：1
2026-07-20 15:33:37.343 [http-nio-8080-exec-5] INFO  com.sky.Aspect.LogAspect - -------------------------
开始执行方法:getStatus, 参数:[]
2026-07-20 15:33:37.344 [http-nio-8080-exec-5] INFO  com.sky.controller.admin.ShopController - 获取到店铺的营业状态为：打烊中
2026-07-20 15:33:37.344 [http-nio-8080-exec-5] INFO  com.sky.Aspect.LogAspect - 方法:getStatus 执行完毕, 耗时:1ms, 返回值:Result(code=1, msg=null, data=0)
2026-07-20 15:33:43.372 [http-nio-8080-exec-10] INFO  com.sky.interceptor.JwtTokenAdminInterceptor - jwt校验:eyJhbGciOiJIUzI1NiJ9.eyJlbXBJZCI6MSwiZXhwIjoxNzg0NTM3MTYxfQ.kekBUkV0yT43Mw2XsDIT6b2GN500X73PcXb2m9IOBY0
2026-07-20 15:33:43.373 [http-nio-8080-exec-10] INFO  com.sky.interceptor.JwtTokenAdminInterceptor - 当前员工id：1
2026-07-20 15:33:43.373 [http-nio-8080-exec-10] INFO  com.sky.Aspect.LogAspect - -------------------------
开始执行方法:status, 参数:[1]
2026-07-20 15:33:43.373 [http-nio-8080-exec-10] INFO  com.sky.controller.admin.ShopController - 设置营业状态为：营业中
2026-07-20 15:33:43.376 [http-nio-8080-exec-10] INFO  com.sky.Aspect.LogAspect - 方法:status 执行完毕, 耗时:3ms, 返回值:Result(code=1, msg=null, data=null)
2026-07-20 15:33:43.382 [http-nio-8080-exec-1] INFO  com.sky.interceptor.JwtTokenAdminInterceptor - jwt校验:eyJhbGciOiJIUzI1NiJ9.eyJlbXBJZCI6MSwiZXhwIjoxNzg0NTM3MTYxfQ.kekBUkV0yT43Mw2XsDIT6b2GN500X73PcXb2m9IOBY0
2026-07-20 15:33:43.383 [http-nio-8080-exec-1] INFO  com.sky.interceptor.JwtTokenAdminInterceptor - 当前员工id：1
2026-07-20 15:33:43.384 [http-nio-8080-exec-1] INFO  com.sky.Aspect.LogAspect - -------------------------
开始执行方法:getStatus, 参数:[]
2026-07-20 15:33:43.385 [http-nio-8080-exec-1] INFO  com.sky.controller.admin.ShopController - 获取到店铺的营业状态为：营业中
2026-07-20 15:33:43.385 [http-nio-8080-exec-1] INFO  com.sky.Aspect.LogAspect - 方法:getStatus 执行完毕, 耗时:1ms, 返回值:Result(code=1, msg=null, data=1)
2026-07-20 15:42:30.586 [SpringApplicationShutdownHook] INFO  com.alibaba.druid.pool.DruidDataSource - {dataSource-1} closing ...
2026-07-20 15:42:30.586 [SpringApplicationShutdownHook] INFO  com.alibaba.druid.pool.DruidDataSource - {dataSource-1} closed
2026-07-20 15:42:33.025 [main] INFO  com.sky.SkyServerApplication - Starting SkyServerApplication using Java 17.0.12 on Assaka with PID 45384 (C:\Assaka_sky\sky-take-out\sky-server\target\classes started by 26827 in C:\Assaka_sky)
2026-07-20 15:42:33.027 [main] INFO  com.sky.SkyServerApplication - The following 1 profile is active: "dev"
2026-07-20 15:42:33.567 [main] INFO  o.s.d.r.config.RepositoryConfigurationDelegate - Multiple Spring Data modules found, entering strict repository configuration mode
2026-07-20 15:42:33.569 [main] INFO  o.s.d.r.config.RepositoryConfigurationDelegate - Bootstrapping Spring Data Redis repositories in DEFAULT mode.
2026-07-20 15:42:33.591 [main] INFO  o.s.d.r.config.RepositoryConfigurationDelegate - Finished Spring Data repository scanning in 13 ms. Found 0 Redis repository interfaces.
2026-07-20 15:42:34.131 [main] INFO  o.s.boot.web.embedded.tomcat.TomcatWebServer - Tomcat initialized with port(s): 8080 (http)
2026-07-20 15:42:34.137 [main] INFO  org.apache.catalina.core.StandardService - Starting service [Tomcat]
2026-07-20 15:42:34.137 [main] INFO  org.apache.catalina.core.StandardEngine - Starting Servlet engine: [Apache Tomcat/9.0.65]
2026-07-20 15:42:34.210 [main] INFO  o.a.c.core.ContainerBase.[Tomcat].[localhost].[/] - Initializing Spring embedded WebApplicationContext
2026-07-20 15:42:34.211 [main] INFO  o.s.b.w.s.c.ServletWebServerApplicationContext - Root WebApplicationContext: initialization completed in 1150 ms
2026-07-20 15:42:34.304 [main] INFO  c.a.d.s.b.a.DruidDataSourceAutoConfigure - Init DruidDataSource
2026-07-20 15:42:34.385 [main] INFO  com.alibaba.druid.pool.DruidDataSource - {dataSource-1} inited
2026-07-20 15:42:34.525 [main] INFO  com.sky.config.OssConfiguration - 开始创建阿里云文件上传工具类对象......
2026-07-20 15:42:34.652 [main] INFO  com.sky.config.RedisConfiguration - 开始创建redis模板对象...
2026-07-20 15:42:34.839 [main] INFO  com.sky.config.WebMvcConfiguration - 开始注册自定义拦截器...
2026-07-20 15:42:34.924 [main] INFO  com.sky.config.WebMvcConfiguration - 扩展消息转换器...
2026-07-20 15:42:35.229 [main] INFO  o.s.boot.web.embedded.tomcat.TomcatWebServer - Tomcat started on port(s): 8080 (http) with context path ''
2026-07-20 15:42:35.406 [main] INFO  com.sky.SkyServerApplication - Started SkyServerApplication in 2.695 seconds (JVM running for 2.943)
2026-07-20 15:42:45.118 [http-nio-8080-exec-1] INFO  o.a.c.core.ContainerBase.[Tomcat].[localhost].[/] - Initializing Spring DispatcherServlet 'dispatcherServlet'
2026-07-20 15:42:45.119 [http-nio-8080-exec-1] INFO  org.springframework.web.servlet.DispatcherServlet - Initializing Servlet 'dispatcherServlet'
2026-07-20 15:42:45.120 [http-nio-8080-exec-1] INFO  org.springframework.web.servlet.DispatcherServlet - Completed initialization in 1 ms
2026-07-20 15:42:45.135 [http-nio-8080-exec-1] WARN  org.springframework.web.servlet.PageNotFound - No mapping for GET /admin/order/conditionSearch
2026-07-20 15:42:45.202 [http-nio-8080-exec-3] INFO  com.sky.interceptor.JwtTokenAdminInterceptor - jwt校验:eyJhbGciOiJIUzI1NiJ9.eyJlbXBJZCI6MSwiZXhwIjoxNzg0NTM3MTYxfQ.kekBUkV0yT43Mw2XsDIT6b2GN500X73PcXb2m9IOBY0
2026-07-20 15:42:45.218 [http-nio-8080-exec-4] WARN  org.springframework.web.servlet.PageNotFound - No mapping for GET /admin/workspace/businessData
2026-07-20 15:42:45.223 [http-nio-8080-exec-2] WARN  org.springframework.web.servlet.PageNotFound - No mapping for GET /admin/workspace/overviewOrders
2026-07-20 15:42:45.248 [http-nio-8080-exec-6] WARN  org.springframework.web.servlet.PageNotFound - No mapping for GET /admin/workspace/overviewDishes
2026-07-20 15:42:45.253 [http-nio-8080-exec-3] INFO  com.sky.interceptor.JwtTokenAdminInterceptor - 当前员工id：1
2026-07-20 15:42:45.255 [http-nio-8080-exec-7] WARN  org.springframework.web.servlet.PageNotFound - No mapping for GET /admin/workspace/overviewSetmeals
2026-07-20 15:42:45.261 [http-nio-8080-exec-3] INFO  com.sky.Aspect.LogAspect - -------------------------
开始执行方法:getStatus, 参数:[]
2026-07-20 15:42:45.372 [http-nio-8080-exec-8] WARN  org.springframework.web.servlet.PageNotFound - No mapping for GET /ws/i6l9eqhizgs
2026-07-20 15:42:45.614 [http-nio-8080-exec-3] INFO  com.sky.controller.admin.ShopController - 获取到店铺的营业状态为：营业中
2026-07-20 15:42:45.615 [http-nio-8080-exec-3] INFO  com.sky.Aspect.LogAspect - 方法:getStatus 执行完毕, 耗时:355ms, 返回值:Result(code=1, msg=null, data=1)
2026-07-20 15:43:03.986 [http-nio-8080-exec-9] WARN  org.springframework.web.servlet.PageNotFound - No mapping for GET /favicon.ico
2026-07-20 15:44:03.313 [http-nio-8080-exec-4] INFO  com.sky.Aspect.LogAspect - -------------------------
开始执行方法:login, 参数:[EmployeeLoginDTO(username=admin, password=123456)]
2026-07-20 15:44:03.315 [http-nio-8080-exec-4] INFO  com.sky.controller.admin.EmployeeController - 员工登录：EmployeeLoginDTO(username=admin, password=123456)
2026-07-20 15:44:03.450 [http-nio-8080-exec-4] DEBUG com.sky.mapper.EmployeeMapper.getByUsername - ==>  Preparing: select * from employee where username = ?
2026-07-20 15:44:03.465 [http-nio-8080-exec-4] DEBUG com.sky.mapper.EmployeeMapper.getByUsername - ==> Parameters: admin(String)
2026-07-20 15:44:03.484 [http-nio-8080-exec-4] DEBUG com.sky.mapper.EmployeeMapper.getByUsername - <==      Total: 1
2026-07-20 15:44:03.489 [http-nio-8080-exec-4] INFO  com.sky.Aspect.LogAspect - 方法:login 执行完毕, 耗时:176ms, 返回值:Result(code=1, msg=null, data=EmployeeLoginVO(id=1, userName=admin, name=管理员, token=eyJhbGciOiJIUzI1NiJ9.eyJlbXBJZCI6MSwiZXhwIjoxNzg0NTQwNjQzfQ.y0kjfmXrDiF5I8f_ipbJaMMp1roKvHuaeyja29gGDd8))
2026-07-20 15:44:37.905 [http-nio-8080-exec-6] INFO  com.sky.Aspect.LogAspect - -------------------------
开始执行方法:getStatus, 参数:[]
2026-07-20 15:44:37.918 [http-nio-8080-exec-6] ERROR o.a.c.c.C.[.[localhost].[/].[dispatcherServlet] - Servlet.service() for servlet [dispatcherServlet] in context with path [] threw exception [Request processing failed; nested exception is java.lang.ClassCastException: class java.lang.String cannot be cast to class java.lang.Integer (java.lang.String and java.lang.Integer are in module java.base of loader 'bootstrap')] with root cause
java.lang.ClassCastException: class java.lang.String cannot be cast to class java.lang.Integer (java.lang.String and java.lang.Integer are in module java.base of loader 'bootstrap')
	at com.sky.controller.user.ShopController.getStatus(ShopController.java:30)
	at com.sky.controller.user.ShopController$$FastClassBySpringCGLIB$$eeb6807d.invoke(<generated>)
	at org.springframework.cglib.proxy.MethodProxy.invoke(MethodProxy.java:218)
	at org.springframework.aop.framework.CglibAopProxy$CglibMethodInvocation.invokeJoinpoint(CglibAopProxy.java:793)
	at org.springframework.aop.framework.ReflectiveMethodInvocation.proceed(ReflectiveMethodInvocation.java:163)
	at org.springframework.aop.framework.CglibAopProxy$CglibMethodInvocation.proceed(CglibAopProxy.java:763)
	at org.springframework.aop.aspectj.MethodInvocationProceedingJoinPoint.proceed(MethodInvocationProceedingJoinPoint.java:89)
	at com.sky.Aspect.LogAspect.logAround(LogAspect.java:27)
	at java.base/jdk.internal.reflect.NativeMethodAccessorImpl.invoke0(Native Method)
	at java.base/jdk.internal.reflect.NativeMethodAccessorImpl.invoke(NativeMethodAccessorImpl.java:77)
	at java.base/jdk.internal.reflect.DelegatingMethodAccessorImpl.invoke(DelegatingMethodAccessorImpl.java:43)
	at java.base/java.lang.reflect.Method.invoke(Method.java:568)
	at org.springframework.aop.aspectj.AbstractAspectJAdvice.invokeAdviceMethodWithGivenArgs(AbstractAspectJAdvice.java:634)
	at org.springframework.aop.aspectj.AbstractAspectJAdvice.invokeAdviceMethod(AbstractAspectJAdvice.java:624)
	at org.springframework.aop.aspectj.AspectJAroundAdvice.invoke(AspectJAroundAdvice.java:72)
	at org.springframework.aop.framework.ReflectiveMethodInvocation.proceed(ReflectiveMethodInvocation.java:175)
	at org.springframework.aop.framework.CglibAopProxy$CglibMethodInvocation.proceed(CglibAopProxy.java:763)
	at org.springframework.aop.interceptor.ExposeInvocationInterceptor.invoke(ExposeInvocationInterceptor.java:97)
	at org.springframework.aop.framework.ReflectiveMethodInvocation.proceed(ReflectiveMethodInvocation.java:186)
	at org.springframework.aop.framework.CglibAopProxy$CglibMethodInvocation.proceed(CglibAopProxy.java:763)
	at org.springframework.aop.framework.CglibAopProxy$DynamicAdvisedInterceptor.intercept(CglibAopProxy.java:708)
	at com.sky.controller.user.ShopController$$EnhancerBySpringCGLIB$$14a8cc1b.getStatus(<generated>)
	at java.base/jdk.internal.reflect.NativeMethodAccessorImpl.invoke0(Native Method)
	at java.base/jdk.internal.reflect.NativeMethodAccessorImpl.invoke(NativeMethodAccessorImpl.java:77)
	at java.base/jdk.internal.reflect.DelegatingMethodAccessorImpl.invoke(DelegatingMethodAccessorImpl.java:43)
	at java.base/java.lang.reflect.Method.invoke(Method.java:568)
	at org.springframework.web.method.support.InvocableHandlerMethod.doInvoke(InvocableHandlerMethod.java:205)
	at org.springframework.web.method.support.InvocableHandlerMethod.invokeForRequest(InvocableHandlerMethod.java:150)
	at org.springframework.web.servlet.mvc.method.annotation.ServletInvocableHandlerMethod.invokeAndHandle(ServletInvocableHandlerMethod.java:117)
	at org.springframework.web.servlet.mvc.method.annotation.RequestMappingHandlerAdapter.invokeHandlerMethod(RequestMappingHandlerAdapter.java:895)
	at org.springframework.web.servlet.mvc.method.annotation.RequestMappingHandlerAdapter.handleInternal(RequestMappingHandlerAdapter.java:808)
	at org.springframework.web.servlet.mvc.method.AbstractHandlerMethodAdapter.handle(AbstractHandlerMethodAdapter.java:87)
	at org.springframework.web.servlet.DispatcherServlet.doDispatch(DispatcherServlet.java:1070)
	at org.springframework.web.servlet.DispatcherServlet.doService(DispatcherServlet.java:963)
	at org.springframework.web.servlet.FrameworkServlet.processRequest(FrameworkServlet.java:1006)
	at org.springframework.web.servlet.FrameworkServlet.doGet(FrameworkServlet.java:898)
	at javax.servlet.http.HttpServlet.service(HttpServlet.java:655)
	at org.springframework.web.servlet.FrameworkServlet.service(FrameworkServlet.java:883)
	at javax.servlet.http.HttpServlet.service(HttpServlet.java:764)
	at org.apache.catalina.core.ApplicationFilterChain.internalDoFilter(ApplicationFilterChain.java:227)
	at org.apache.catalina.core.ApplicationFilterChain.doFilter(ApplicationFilterChain.java:162)
	at org.apache.tomcat.websocket.server.WsFilter.doFilter(WsFilter.java:53)
	at org.apache.catalina.core.ApplicationFilterChain.internalDoFilter(ApplicationFilterChain.java:189)
	at org.apache.catalina.core.ApplicationFilterChain.doFilter(ApplicationFilterChain.java:162)
	at org.springframework.web.filter.CharacterEncodingFilter.doFilterInternal(CharacterEncodingFilter.java:201)
	at org.springframework.web.filter.OncePerRequestFilter.doFilter(OncePerRequestFilter.java:117)
	at org.apache.catalina.core.ApplicationFilterChain.internalDoFilter(ApplicationFilterChain.java:189)
	at org.apache.catalina.core.ApplicationFilterChain.doFilter(ApplicationFilterChain.java:162)
	at org.apache.catalina.core.StandardWrapperValve.invoke(StandardWrapperValve.java:197)
	at org.apache.catalina.core.StandardContextValve.invoke(StandardContextValve.java:97)
	at org.apache.catalina.authenticator.AuthenticatorBase.invoke(AuthenticatorBase.java:541)
	at org.apache.catalina.core.StandardHostValve.invoke(StandardHostValve.java:135)
	at org.apache.catalina.valves.ErrorReportValve.invoke(ErrorReportValve.java:92)
	at org.apache.catalina.core.StandardEngineValve.invoke(StandardEngineValve.java:78)
	at org.apache.catalina.connector.CoyoteAdapter.service(CoyoteAdapter.java:360)
	at org.apache.coyote.http11.Http11Processor.service(Http11Processor.java:399)
	at org.apache.coyote.AbstractProcessorLight.process(AbstractProcessorLight.java:65)
	at org.apache.coyote.AbstractProtocol$ConnectionHandler.process(AbstractProtocol.java:890)
	at org.apache.tomcat.util.net.NioEndpoint$SocketProcessor.doRun(NioEndpoint.java:1789)
	at org.apache.tomcat.util.net.SocketProcessorBase.run(SocketProcessorBase.java:49)
	at org.apache.tomcat.util.threads.ThreadPoolExecutor.runWorker(ThreadPoolExecutor.java:1191)
	at org.apache.tomcat.util.threads.ThreadPoolExecutor$Worker.run(ThreadPoolExecutor.java:659)
	at org.apache.tomcat.util.threads.TaskThread$WrappingRunnable.run(TaskThread.java:61)
	at java.base/java.lang.Thread.run(Thread.java:842)
2026-07-20 15:52:04.160 [SpringApplicationShutdownHook] INFO  com.alibaba.druid.pool.DruidDataSource - {dataSource-1} closing ...
2026-07-20 15:52:04.165 [SpringApplicationShutdownHook] INFO  com.alibaba.druid.pool.DruidDataSource - {dataSource-1} closed
2026-07-20 15:52:06.736 [main] INFO  com.sky.SkyServerApplication - Starting SkyServerApplication using Java 17.0.12 on Assaka with PID 45276 (C:\Assaka_sky\sky-take-out\sky-server\target\classes started by 26827 in C:\Assaka_sky)
2026-07-20 15:52:06.738 [main] INFO  com.sky.SkyServerApplication - The following 1 profile is active: "dev"
2026-07-20 15:52:07.275 [main] INFO  o.s.d.r.config.RepositoryConfigurationDelegate - Multiple Spring Data modules found, entering strict repository configuration mode
2026-07-20 15:52:07.277 [main] INFO  o.s.d.r.config.RepositoryConfigurationDelegate - Bootstrapping Spring Data Redis repositories in DEFAULT mode.
2026-07-20 15:52:07.302 [main] INFO  o.s.d.r.config.RepositoryConfigurationDelegate - Finished Spring Data repository scanning in 14 ms. Found 0 Redis repository interfaces.
2026-07-20 15:52:07.835 [main] INFO  o.s.boot.web.embedded.tomcat.TomcatWebServer - Tomcat initialized with port(s): 8080 (http)
2026-07-20 15:52:07.842 [main] INFO  org.apache.catalina.core.StandardService - Starting service [Tomcat]
2026-07-20 15:52:07.842 [main] INFO  org.apache.catalina.core.StandardEngine - Starting Servlet engine: [Apache Tomcat/9.0.65]
2026-07-20 15:52:07.916 [main] INFO  o.a.c.core.ContainerBase.[Tomcat].[localhost].[/] - Initializing Spring embedded WebApplicationContext
2026-07-20 15:52:07.916 [main] INFO  o.s.b.w.s.c.ServletWebServerApplicationContext - Root WebApplicationContext: initialization completed in 1148 ms
2026-07-20 15:52:08.010 [main] INFO  c.a.d.s.b.a.DruidDataSourceAutoConfigure - Init DruidDataSource
2026-07-20 15:52:08.103 [main] INFO  com.alibaba.druid.pool.DruidDataSource - {dataSource-1} inited
2026-07-20 15:52:08.251 [main] INFO  com.sky.config.OssConfiguration - 开始创建阿里云文件上传工具类对象......
2026-07-20 15:52:08.392 [main] INFO  com.sky.config.RedisConfiguration - 开始创建redis模板对象...
2026-07-20 15:52:08.569 [main] INFO  com.sky.config.WebMvcConfiguration - 开始注册自定义拦截器...
2026-07-20 15:52:08.647 [main] INFO  com.sky.config.WebMvcConfiguration - 扩展消息转换器...
2026-07-20 15:52:08.936 [main] INFO  o.s.boot.web.embedded.tomcat.TomcatWebServer - Tomcat started on port(s): 8080 (http) with context path ''
2026-07-20 15:52:09.114 [main] INFO  com.sky.SkyServerApplication - Started SkyServerApplication in 2.696 seconds (JVM running for 2.97)
2026-07-20 15:52:13.577 [http-nio-8080-exec-1] INFO  o.a.c.core.ContainerBase.[Tomcat].[localhost].[/] - Initializing Spring DispatcherServlet 'dispatcherServlet'
2026-07-20 15:52:13.578 [http-nio-8080-exec-1] INFO  org.springframework.web.servlet.DispatcherServlet - Initializing Servlet 'dispatcherServlet'
2026-07-20 15:52:13.579 [http-nio-8080-exec-1] INFO  org.springframework.web.servlet.DispatcherServlet - Completed initialization in 1 ms
2026-07-20 15:52:13.609 [http-nio-8080-exec-1] INFO  com.sky.Aspect.LogAspect - -------------------------
开始执行方法:getStatus, 参数:[]
2026-07-20 15:52:13.998 [http-nio-8080-exec-1] ERROR o.a.c.c.C.[.[localhost].[/].[dispatcherServlet] - Servlet.service() for servlet [dispatcherServlet] in context with path [] threw exception [Request processing failed; nested exception is java.lang.ClassCastException: class java.lang.String cannot be cast to class java.lang.Integer (java.lang.String and java.lang.Integer are in module java.base of loader 'bootstrap')] with root cause
java.lang.ClassCastException: class java.lang.String cannot be cast to class java.lang.Integer (java.lang.String and java.lang.Integer are in module java.base of loader 'bootstrap')
	at com.sky.controller.user.ShopController.getStatus(ShopController.java:30)
	at com.sky.controller.user.ShopController$$FastClassBySpringCGLIB$$eeb6807d.invoke(<generated>)
	at org.springframework.cglib.proxy.MethodProxy.invoke(MethodProxy.java:218)
	at org.springframework.aop.framework.CglibAopProxy$CglibMethodInvocation.invokeJoinpoint(CglibAopProxy.java:793)
	at org.springframework.aop.framework.ReflectiveMethodInvocation.proceed(ReflectiveMethodInvocation.java:163)
	at org.springframework.aop.framework.CglibAopProxy$CglibMethodInvocation.proceed(CglibAopProxy.java:763)
	at org.springframework.aop.aspectj.MethodInvocationProceedingJoinPoint.proceed(MethodInvocationProceedingJoinPoint.java:89)
	at com.sky.Aspect.LogAspect.logAround(LogAspect.java:27)
	at java.base/jdk.internal.reflect.NativeMethodAccessorImpl.invoke0(Native Method)
	at java.base/jdk.internal.reflect.NativeMethodAccessorImpl.invoke(NativeMethodAccessorImpl.java:77)
	at java.base/jdk.internal.reflect.DelegatingMethodAccessorImpl.invoke(DelegatingMethodAccessorImpl.java:43)
	at java.base/java.lang.reflect.Method.invoke(Method.java:568)
	at org.springframework.aop.aspectj.AbstractAspectJAdvice.invokeAdviceMethodWithGivenArgs(AbstractAspectJAdvice.java:634)
	at org.springframework.aop.aspectj.AbstractAspectJAdvice.invokeAdviceMethod(AbstractAspectJAdvice.java:624)
	at org.springframework.aop.aspectj.AspectJAroundAdvice.invoke(AspectJAroundAdvice.java:72)
	at org.springframework.aop.framework.ReflectiveMethodInvocation.proceed(ReflectiveMethodInvocation.java:175)
	at org.springframework.aop.framework.CglibAopProxy$CglibMethodInvocation.proceed(CglibAopProxy.java:763)
	at org.springframework.aop.interceptor.ExposeInvocationInterceptor.invoke(ExposeInvocationInterceptor.java:97)
	at org.springframework.aop.framework.ReflectiveMethodInvocation.proceed(ReflectiveMethodInvocation.java:186)
	at org.springframework.aop.framework.CglibAopProxy$CglibMethodInvocation.proceed(CglibAopProxy.java:763)
	at org.springframework.aop.framework.CglibAopProxy$DynamicAdvisedInterceptor.intercept(CglibAopProxy.java:708)
	at com.sky.controller.user.ShopController$$EnhancerBySpringCGLIB$$3c37ccbe.getStatus(<generated>)
	at java.base/jdk.internal.reflect.NativeMethodAccessorImpl.invoke0(Native Method)
	at java.base/jdk.internal.reflect.NativeMethodAccessorImpl.invoke(NativeMethodAccessorImpl.java:77)
	at java.base/jdk.internal.reflect.DelegatingMethodAccessorImpl.invoke(DelegatingMethodAccessorImpl.java:43)
	at java.base/java.lang.reflect.Method.invoke(Method.java:568)
	at org.springframework.web.method.support.InvocableHandlerMethod.doInvoke(InvocableHandlerMethod.java:205)
	at org.springframework.web.method.support.InvocableHandlerMethod.invokeForRequest(InvocableHandlerMethod.java:150)
	at org.springframework.web.servlet.mvc.method.annotation.ServletInvocableHandlerMethod.invokeAndHandle(ServletInvocableHandlerMethod.java:117)
	at org.springframework.web.servlet.mvc.method.annotation.RequestMappingHandlerAdapter.invokeHandlerMethod(RequestMappingHandlerAdapter.java:895)
	at org.springframework.web.servlet.mvc.method.annotation.RequestMappingHandlerAdapter.handleInternal(RequestMappingHandlerAdapter.java:808)
	at org.springframework.web.servlet.mvc.method.AbstractHandlerMethodAdapter.handle(AbstractHandlerMethodAdapter.java:87)
	at org.springframework.web.servlet.DispatcherServlet.doDispatch(DispatcherServlet.java:1070)
	at org.springframework.web.servlet.DispatcherServlet.doService(DispatcherServlet.java:963)
	at org.springframework.web.servlet.FrameworkServlet.processRequest(FrameworkServlet.java:1006)
	at org.springframework.web.servlet.FrameworkServlet.doGet(FrameworkServlet.java:898)
	at javax.servlet.http.HttpServlet.service(HttpServlet.java:655)
	at org.springframework.web.servlet.FrameworkServlet.service(FrameworkServlet.java:883)
	at javax.servlet.http.HttpServlet.service(HttpServlet.java:764)
	at org.apache.catalina.core.ApplicationFilterChain.internalDoFilter(ApplicationFilterChain.java:227)
	at org.apache.catalina.core.ApplicationFilterChain.doFilter(ApplicationFilterChain.java:162)
	at org.apache.tomcat.websocket.server.WsFilter.doFilter(WsFilter.java:53)
	at org.apache.catalina.core.ApplicationFilterChain.internalDoFilter(ApplicationFilterChain.java:189)
	at org.apache.catalina.core.ApplicationFilterChain.doFilter(ApplicationFilterChain.java:162)
	at org.springframework.web.filter.CharacterEncodingFilter.doFilterInternal(CharacterEncodingFilter.java:201)
	at org.springframework.web.filter.OncePerRequestFilter.doFilter(OncePerRequestFilter.java:117)
	at org.apache.catalina.core.ApplicationFilterChain.internalDoFilter(ApplicationFilterChain.java:189)
	at org.apache.catalina.core.ApplicationFilterChain.doFilter(ApplicationFilterChain.java:162)
	at org.apache.catalina.core.StandardWrapperValve.invoke(StandardWrapperValve.java:197)
	at org.apache.catalina.core.StandardContextValve.invoke(StandardContextValve.java:97)
	at org.apache.catalina.authenticator.AuthenticatorBase.invoke(AuthenticatorBase.java:541)
	at org.apache.catalina.core.StandardHostValve.invoke(StandardHostValve.java:135)
	at org.apache.catalina.valves.ErrorReportValve.invoke(ErrorReportValve.java:92)
	at org.apache.catalina.core.StandardEngineValve.invoke(StandardEngineValve.java:78)
	at org.apache.catalina.connector.CoyoteAdapter.service(CoyoteAdapter.java:360)
	at org.apache.coyote.http11.Http11Processor.service(Http11Processor.java:399)
	at org.apache.coyote.AbstractProcessorLight.process(AbstractProcessorLight.java:65)
	at org.apache.coyote.AbstractProtocol$ConnectionHandler.process(AbstractProtocol.java:890)
	at org.apache.tomcat.util.net.NioEndpoint$SocketProcessor.doRun(NioEndpoint.java:1789)
	at org.apache.tomcat.util.net.SocketProcessorBase.run(SocketProcessorBase.java:49)
	at org.apache.tomcat.util.threads.ThreadPoolExecutor.runWorker(ThreadPoolExecutor.java:1191)
	at org.apache.tomcat.util.threads.ThreadPoolExecutor$Worker.run(ThreadPoolExecutor.java:659)
	at org.apache.tomcat.util.threads.TaskThread$WrappingRunnable.run(TaskThread.java:61)
	at java.base/java.lang.Thread.run(Thread.java:842)
2026-07-20 15:52:39.345 [http-nio-8080-exec-6] INFO  com.sky.interceptor.JwtTokenAdminInterceptor - jwt校验:eyJhbGciOiJIUzI1NiJ9.eyJlbXBJZCI6MSwiZXhwIjoxNzg0NTQwNjQzfQ.y0kjfmXrDiF5I8f_ipbJaMMp1roKvHuaeyja29gGDd8
2026-07-20 15:52:39.389 [http-nio-8080-exec-6] INFO  com.sky.interceptor.JwtTokenAdminInterceptor - 当前员工id：1
2026-07-20 15:52:39.390 [http-nio-8080-exec-6] INFO  com.sky.Aspect.LogAspect - -------------------------
开始执行方法:getStatus, 参数:[]
2026-07-20 15:52:39.392 [http-nio-8080-exec-6] INFO  com.sky.controller.admin.ShopController - 获取到店铺的营业状态为：营业中
2026-07-20 15:52:39.393 [http-nio-8080-exec-6] INFO  com.sky.Aspect.LogAspect - 方法:getStatus 执行完毕, 耗时:3ms, 返回值:Result(code=1, msg=null, data=1)
2026-07-20 15:52:44.898 [http-nio-8080-exec-4] INFO  com.sky.Aspect.LogAspect - -------------------------
开始执行方法:getStatus, 参数:[]
2026-07-20 15:52:44.900 [http-nio-8080-exec-4] ERROR o.a.c.c.C.[.[localhost].[/].[dispatcherServlet] - Servlet.service() for servlet [dispatcherServlet] in context with path [] threw exception [Request processing failed; nested exception is java.lang.ClassCastException: class java.lang.String cannot be cast to class java.lang.Integer (java.lang.String and java.lang.Integer are in module java.base of loader 'bootstrap')] with root cause
java.lang.ClassCastException: class java.lang.String cannot be cast to class java.lang.Integer (java.lang.String and java.lang.Integer are in module java.base of loader 'bootstrap')
	at com.sky.controller.user.ShopController.getStatus(ShopController.java:30)
	at com.sky.controller.user.ShopController$$FastClassBySpringCGLIB$$eeb6807d.invoke(<generated>)
	at org.springframework.cglib.proxy.MethodProxy.invoke(MethodProxy.java:218)
	at org.springframework.aop.framework.CglibAopProxy$CglibMethodInvocation.invokeJoinpoint(CglibAopProxy.java:793)
	at org.springframework.aop.framework.ReflectiveMethodInvocation.proceed(ReflectiveMethodInvocation.java:163)
	at org.springframework.aop.framework.CglibAopProxy$CglibMethodInvocation.proceed(CglibAopProxy.java:763)
	at org.springframework.aop.aspectj.MethodInvocationProceedingJoinPoint.proceed(MethodInvocationProceedingJoinPoint.java:89)
	at com.sky.Aspect.LogAspect.logAround(LogAspect.java:27)
	at java.base/jdk.internal.reflect.NativeMethodAccessorImpl.invoke0(Native Method)
	at java.base/jdk.internal.reflect.NativeMethodAccessorImpl.invoke(NativeMethodAccessorImpl.java:77)
	at java.base/jdk.internal.reflect.DelegatingMethodAccessorImpl.invoke(DelegatingMethodAccessorImpl.java:43)
	at java.base/java.lang.reflect.Method.invoke(Method.java:568)
	at org.springframework.aop.aspectj.AbstractAspectJAdvice.invokeAdviceMethodWithGivenArgs(AbstractAspectJAdvice.java:634)
	at org.springframework.aop.aspectj.AbstractAspectJAdvice.invokeAdviceMethod(AbstractAspectJAdvice.java:624)
	at org.springframework.aop.aspectj.AspectJAroundAdvice.invoke(AspectJAroundAdvice.java:72)
	at org.springframework.aop.framework.ReflectiveMethodInvocation.proceed(ReflectiveMethodInvocation.java:175)
	at org.springframework.aop.framework.CglibAopProxy$CglibMethodInvocation.proceed(CglibAopProxy.java:763)
	at org.springframework.aop.interceptor.ExposeInvocationInterceptor.invoke(ExposeInvocationInterceptor.java:97)
	at org.springframework.aop.framework.ReflectiveMethodInvocation.proceed(ReflectiveMethodInvocation.java:186)
	at org.springframework.aop.framework.CglibAopProxy$CglibMethodInvocation.proceed(CglibAopProxy.java:763)
	at org.springframework.aop.framework.CglibAopProxy$DynamicAdvisedInterceptor.intercept(CglibAopProxy.java:708)
	at com.sky.controller.user.ShopController$$EnhancerBySpringCGLIB$$3c37ccbe.getStatus(<generated>)
	at java.base/jdk.internal.reflect.NativeMethodAccessorImpl.invoke0(Native Method)
	at java.base/jdk.internal.reflect.NativeMethodAccessorImpl.invoke(NativeMethodAccessorImpl.java:77)
	at java.base/jdk.internal.reflect.DelegatingMethodAccessorImpl.invoke(DelegatingMethodAccessorImpl.java:43)
	at java.base/java.lang.reflect.Method.invoke(Method.java:568)
	at org.springframework.web.method.support.InvocableHandlerMethod.doInvoke(InvocableHandlerMethod.java:205)
	at org.springframework.web.method.support.InvocableHandlerMethod.invokeForRequest(InvocableHandlerMethod.java:150)
	at org.springframework.web.servlet.mvc.method.annotation.ServletInvocableHandlerMethod.invokeAndHandle(ServletInvocableHandlerMethod.java:117)
	at org.springframework.web.servlet.mvc.method.annotation.RequestMappingHandlerAdapter.invokeHandlerMethod(RequestMappingHandlerAdapter.java:895)
	at org.springframework.web.servlet.mvc.method.annotation.RequestMappingHandlerAdapter.handleInternal(RequestMappingHandlerAdapter.java:808)
	at org.springframework.web.servlet.mvc.method.AbstractHandlerMethodAdapter.handle(AbstractHandlerMethodAdapter.java:87)
	at org.springframework.web.servlet.DispatcherServlet.doDispatch(DispatcherServlet.java:1070)
	at org.springframework.web.servlet.DispatcherServlet.doService(DispatcherServlet.java:963)
	at org.springframework.web.servlet.FrameworkServlet.processRequest(FrameworkServlet.java:1006)
	at org.springframework.web.servlet.FrameworkServlet.doGet(FrameworkServlet.java:898)
	at javax.servlet.http.HttpServlet.service(HttpServlet.java:655)
	at org.springframework.web.servlet.FrameworkServlet.service(FrameworkServlet.java:883)
	at javax.servlet.http.HttpServlet.service(HttpServlet.java:764)
	at org.apache.catalina.core.ApplicationFilterChain.internalDoFilter(ApplicationFilterChain.java:227)
	at org.apache.catalina.core.ApplicationFilterChain.doFilter(ApplicationFilterChain.java:162)
	at org.apache.tomcat.websocket.server.WsFilter.doFilter(WsFilter.java:53)
	at org.apache.catalina.core.ApplicationFilterChain.internalDoFilter(ApplicationFilterChain.java:189)
	at org.apache.catalina.core.ApplicationFilterChain.doFilter(ApplicationFilterChain.java:162)
	at org.springframework.web.filter.CharacterEncodingFilter.doFilterInternal(CharacterEncodingFilter.java:201)
	at org.springframework.web.filter.OncePerRequestFilter.doFilter(OncePerRequestFilter.java:117)
	at org.apache.catalina.core.ApplicationFilterChain.internalDoFilter(ApplicationFilterChain.java:189)
	at org.apache.catalina.core.ApplicationFilterChain.doFilter(ApplicationFilterChain.java:162)
	at org.apache.catalina.core.StandardWrapperValve.invoke(StandardWrapperValve.java:197)
	at org.apache.catalina.core.StandardContextValve.invoke(StandardContextValve.java:97)
	at org.apache.catalina.authenticator.AuthenticatorBase.invoke(AuthenticatorBase.java:541)
	at org.apache.catalina.core.StandardHostValve.invoke(StandardHostValve.java:135)
	at org.apache.catalina.valves.ErrorReportValve.invoke(ErrorReportValve.java:92)
	at org.apache.catalina.core.StandardEngineValve.invoke(StandardEngineValve.java:78)
	at org.apache.catalina.connector.CoyoteAdapter.service(CoyoteAdapter.java:360)
	at org.apache.coyote.http11.Http11Processor.service(Http11Processor.java:399)
	at org.apache.coyote.AbstractProcessorLight.process(AbstractProcessorLight.java:65)
	at org.apache.coyote.AbstractProtocol$ConnectionHandler.process(AbstractProtocol.java:890)
	at org.apache.tomcat.util.net.NioEndpoint$SocketProcessor.doRun(NioEndpoint.java:1789)
	at org.apache.tomcat.util.net.SocketProcessorBase.run(SocketProcessorBase.java:49)
	at org.apache.tomcat.util.threads.ThreadPoolExecutor.runWorker(ThreadPoolExecutor.java:1191)
	at org.apache.tomcat.util.threads.ThreadPoolExecutor$Worker.run(ThreadPoolExecutor.java:659)
	at org.apache.tomcat.util.threads.TaskThread$WrappingRunnable.run(TaskThread.java:61)
	at java.base/java.lang.Thread.run(Thread.java:842)
2026-07-20 15:53:22.134 [SpringApplicationShutdownHook] INFO  com.alibaba.druid.pool.DruidDataSource - {dataSource-1} closing ...
2026-07-20 15:53:22.134 [SpringApplicationShutdownHook] INFO  com.alibaba.druid.pool.DruidDataSource - {dataSource-1} closed
2026-07-20 15:53:24.592 [main] INFO  com.sky.SkyServerApplication - Starting SkyServerApplication using Java 17.0.12 on Assaka with PID 12756 (C:\Assaka_sky\sky-take-out\sky-server\target\classes started by 26827 in C:\Assaka_sky)
2026-07-20 15:53:24.593 [main] INFO  com.sky.SkyServerApplication - The following 1 profile is active: "dev"
2026-07-20 15:53:25.105 [main] INFO  o.s.d.r.config.RepositoryConfigurationDelegate - Multiple Spring Data modules found, entering strict repository configuration mode
2026-07-20 15:53:25.107 [main] INFO  o.s.d.r.config.RepositoryConfigurationDelegate - Bootstrapping Spring Data Redis repositories in DEFAULT mode.
2026-07-20 15:53:25.128 [main] INFO  o.s.d.r.config.RepositoryConfigurationDelegate - Finished Spring Data repository scanning in 13 ms. Found 0 Redis repository interfaces.
2026-07-20 15:53:25.646 [main] INFO  o.s.boot.web.embedded.tomcat.TomcatWebServer - Tomcat initialized with port(s): 8080 (http)
2026-07-20 15:53:25.652 [main] INFO  org.apache.catalina.core.StandardService - Starting service [Tomcat]
2026-07-20 15:53:25.652 [main] INFO  org.apache.catalina.core.StandardEngine - Starting Servlet engine: [Apache Tomcat/9.0.65]
2026-07-20 15:53:25.728 [main] INFO  o.a.c.core.ContainerBase.[Tomcat].[localhost].[/] - Initializing Spring embedded WebApplicationContext
2026-07-20 15:53:25.728 [main] INFO  o.s.b.w.s.c.ServletWebServerApplicationContext - Root WebApplicationContext: initialization completed in 1104 ms
2026-07-20 15:53:25.817 [main] INFO  c.a.d.s.b.a.DruidDataSourceAutoConfigure - Init DruidDataSource
2026-07-20 15:53:25.910 [main] INFO  com.alibaba.druid.pool.DruidDataSource - {dataSource-1} inited
2026-07-20 15:53:26.050 [main] INFO  com.sky.config.OssConfiguration - 开始创建阿里云文件上传工具类对象......
2026-07-20 15:53:26.176 [main] INFO  com.sky.config.RedisConfiguration - 开始创建redis模板对象...
2026-07-20 15:53:26.352 [main] INFO  com.sky.config.WebMvcConfiguration - 开始注册自定义拦截器...
2026-07-20 15:53:26.431 [main] INFO  com.sky.config.WebMvcConfiguration - 扩展消息转换器...
2026-07-20 15:53:26.728 [main] INFO  o.s.boot.web.embedded.tomcat.TomcatWebServer - Tomcat started on port(s): 8080 (http) with context path ''
2026-07-20 15:53:26.902 [main] INFO  com.sky.SkyServerApplication - Started SkyServerApplication in 2.617 seconds (JVM running for 2.87)
2026-07-20 15:53:29.939 [http-nio-8080-exec-1] INFO  o.a.c.core.ContainerBase.[Tomcat].[localhost].[/] - Initializing Spring DispatcherServlet 'dispatcherServlet'
2026-07-20 15:53:29.939 [http-nio-8080-exec-1] INFO  org.springframework.web.servlet.DispatcherServlet - Initializing Servlet 'dispatcherServlet'
2026-07-20 15:53:29.941 [http-nio-8080-exec-1] INFO  org.springframework.web.servlet.DispatcherServlet - Completed initialization in 2 ms
2026-07-20 15:53:29.971 [http-nio-8080-exec-1] INFO  com.sky.Aspect.LogAspect - -------------------------
开始执行方法:getStatus, 参数:[]
2026-07-20 15:53:30.330 [http-nio-8080-exec-1] INFO  com.sky.controller.user.ShopController - 获取到店铺的营业状态为：营业中
2026-07-20 15:53:30.330 [http-nio-8080-exec-1] INFO  com.sky.Aspect.LogAspect - 方法:getStatus 执行完毕, 耗时:359ms, 返回值:Result(code=1, msg=null, data=1)
2026-07-20 15:53:33.497 [http-nio-8080-exec-2] INFO  com.sky.interceptor.JwtTokenAdminInterceptor - jwt校验:eyJhbGciOiJIUzI1NiJ9.eyJlbXBJZCI6MSwiZXhwIjoxNzg0NTQwNjQzfQ.y0kjfmXrDiF5I8f_ipbJaMMp1roKvHuaeyja29gGDd8
2026-07-20 15:53:33.541 [http-nio-8080-exec-2] INFO  com.sky.interceptor.JwtTokenAdminInterceptor - 当前员工id：1
2026-07-20 15:53:33.541 [http-nio-8080-exec-2] INFO  com.sky.Aspect.LogAspect - -------------------------
开始执行方法:getStatus, 参数:[]
2026-07-20 15:53:33.544 [http-nio-8080-exec-2] INFO  com.sky.controller.admin.ShopController - 获取到店铺的营业状态为：营业中
2026-07-20 15:53:33.545 [http-nio-8080-exec-2] INFO  com.sky.Aspect.LogAspect - 方法:getStatus 执行完毕, 耗时:4ms, 返回值:Result(code=1, msg=null, data=1)
2026-07-20 15:56:39.628 [SpringApplicationShutdownHook] INFO  com.alibaba.druid.pool.DruidDataSource - {dataSource-1} closing ...
2026-07-20 15:56:39.629 [SpringApplicationShutdownHook] INFO  com.alibaba.druid.pool.DruidDataSource - {dataSource-1} closed
2026-07-20 15:56:42.332 [main] INFO  com.sky.SkyServerApplication - Starting SkyServerApplication using Java 17.0.12 on Assaka with PID 28632 (C:\Assaka_sky\sky-take-out\sky-server\target\classes started by 26827 in C:\Assaka_sky)
2026-07-20 15:56:42.334 [main] INFO  com.sky.SkyServerApplication - The following 1 profile is active: "dev"
2026-07-20 15:56:42.884 [main] INFO  o.s.d.r.config.RepositoryConfigurationDelegate - Multiple Spring Data modules found, entering strict repository configuration mode
2026-07-20 15:56:42.886 [main] INFO  o.s.d.r.config.RepositoryConfigurationDelegate - Bootstrapping Spring Data Redis repositories in DEFAULT mode.
2026-07-20 15:56:42.907 [main] INFO  o.s.d.r.config.RepositoryConfigurationDelegate - Finished Spring Data repository scanning in 12 ms. Found 0 Redis repository interfaces.
2026-07-20 15:56:43.429 [main] INFO  o.s.boot.web.embedded.tomcat.TomcatWebServer - Tomcat initialized with port(s): 8080 (http)
2026-07-20 15:56:43.435 [main] INFO  org.apache.catalina.core.StandardService - Starting service [Tomcat]
2026-07-20 15:56:43.435 [main] INFO  org.apache.catalina.core.StandardEngine - Starting Servlet engine: [Apache Tomcat/9.0.65]
2026-07-20 15:56:43.510 [main] INFO  o.a.c.core.ContainerBase.[Tomcat].[localhost].[/] - Initializing Spring embedded WebApplicationContext
2026-07-20 15:56:43.510 [main] INFO  o.s.b.w.s.c.ServletWebServerApplicationContext - Root WebApplicationContext: initialization completed in 1144 ms
2026-07-20 15:56:43.612 [main] INFO  c.a.d.s.b.a.DruidDataSourceAutoConfigure - Init DruidDataSource
2026-07-20 15:56:43.702 [main] INFO  com.alibaba.druid.pool.DruidDataSource - {dataSource-1} inited
2026-07-20 15:56:43.869 [main] INFO  com.sky.config.OssConfiguration - 开始创建阿里云文件上传工具类对象......
2026-07-20 15:56:44.003 [main] INFO  com.sky.config.RedisConfiguration - 开始创建redis模板对象...
2026-07-20 15:56:44.190 [main] INFO  com.sky.config.WebMvcConfiguration - 开始注册自定义拦截器...
2026-07-20 15:56:44.277 [main] INFO  com.sky.config.WebMvcConfiguration - 扩展消息转换器...
2026-07-20 15:56:44.588 [main] INFO  o.s.boot.web.embedded.tomcat.TomcatWebServer - Tomcat started on port(s): 8080 (http) with context path ''
2026-07-20 15:56:44.774 [main] INFO  com.sky.SkyServerApplication - Started SkyServerApplication in 2.759 seconds (JVM running for 3.054)
2026-07-20 15:56:56.013 [http-nio-8080-exec-1] INFO  o.a.c.core.ContainerBase.[Tomcat].[localhost].[/] - Initializing Spring DispatcherServlet 'dispatcherServlet'
2026-07-20 15:56:56.014 [http-nio-8080-exec-1] INFO  org.springframework.web.servlet.DispatcherServlet - Initializing Servlet 'dispatcherServlet'
2026-07-20 15:56:56.015 [http-nio-8080-exec-1] INFO  org.springframework.web.servlet.DispatcherServlet - Completed initialization in 1 ms
2026-07-20 16:02:34.659 [SpringApplicationShutdownHook] INFO  com.alibaba.druid.pool.DruidDataSource - {dataSource-1} closing ...
2026-07-20 16:02:34.660 [SpringApplicationShutdownHook] INFO  com.alibaba.druid.pool.DruidDataSource - {dataSource-1} closed
2026-07-20 16:02:51.371 [main] INFO  com.sky.SkyServerApplication - Starting SkyServerApplication using Java 17.0.12 on Assaka with PID 34576 (C:\Assaka_sky\sky-take-out\sky-server\target\classes started by 26827 in C:\Assaka_sky)
2026-07-20 16:02:51.373 [main] INFO  com.sky.SkyServerApplication - The following 1 profile is active: "dev"
2026-07-20 16:02:51.868 [main] INFO  o.s.d.r.config.RepositoryConfigurationDelegate - Multiple Spring Data modules found, entering strict repository configuration mode
2026-07-20 16:02:51.870 [main] INFO  o.s.d.r.config.RepositoryConfigurationDelegate - Bootstrapping Spring Data Redis repositories in DEFAULT mode.
2026-07-20 16:02:51.890 [main] INFO  o.s.d.r.config.RepositoryConfigurationDelegate - Finished Spring Data repository scanning in 11 ms. Found 0 Redis repository interfaces.
2026-07-20 16:02:52.427 [main] INFO  o.s.boot.web.embedded.tomcat.TomcatWebServer - Tomcat initialized with port(s): 8080 (http)
2026-07-20 16:02:52.433 [main] INFO  org.apache.catalina.core.StandardService - Starting service [Tomcat]
2026-07-20 16:02:52.433 [main] INFO  org.apache.catalina.core.StandardEngine - Starting Servlet engine: [Apache Tomcat/9.0.65]
2026-07-20 16:02:52.506 [main] INFO  o.a.c.core.ContainerBase.[Tomcat].[localhost].[/] - Initializing Spring embedded WebApplicationContext
2026-07-20 16:02:52.506 [main] INFO  o.s.b.w.s.c.ServletWebServerApplicationContext - Root WebApplicationContext: initialization completed in 1104 ms
2026-07-20 16:02:52.605 [main] INFO  c.a.d.s.b.a.DruidDataSourceAutoConfigure - Init DruidDataSource
2026-07-20 16:02:52.695 [main] INFO  com.alibaba.druid.pool.DruidDataSource - {dataSource-1} inited
2026-07-20 16:02:52.836 [main] INFO  com.sky.config.OssConfiguration - 开始创建阿里云文件上传工具类对象......
2026-07-20 16:02:52.960 [main] INFO  com.sky.config.RedisConfiguration - 开始创建redis模板对象...
2026-07-20 16:02:53.144 [main] INFO  com.sky.config.WebMvcConfiguration - 开始注册自定义拦截器...
2026-07-20 16:02:53.220 [main] INFO  com.sky.config.WebMvcConfiguration - 扩展消息转换器...
2026-07-20 16:02:53.517 [main] INFO  o.s.boot.web.embedded.tomcat.TomcatWebServer - Tomcat started on port(s): 8080 (http) with context path ''
2026-07-20 16:02:53.679 [main] INFO  com.sky.SkyServerApplication - Started SkyServerApplication in 2.615 seconds (JVM running for 2.862)
2026-07-20 16:03:18.197 [http-nio-8080-exec-1] INFO  o.a.c.core.ContainerBase.[Tomcat].[localhost].[/] - Initializing Spring DispatcherServlet 'dispatcherServlet'
2026-07-20 16:03:18.197 [http-nio-8080-exec-1] INFO  org.springframework.web.servlet.DispatcherServlet - Initializing Servlet 'dispatcherServlet'
2026-07-20 16:03:18.198 [http-nio-8080-exec-1] INFO  org.springframework.web.servlet.DispatcherServlet - Completed initialization in 1 ms
2026-07-20 16:04:00.591 [SpringApplicationShutdownHook] INFO  com.alibaba.druid.pool.DruidDataSource - {dataSource-1} closing ...
2026-07-20 16:04:00.591 [SpringApplicationShutdownHook] INFO  com.alibaba.druid.pool.DruidDataSource - {dataSource-1} closed
2026-07-20 16:04:02.952 [main] INFO  com.sky.SkyServerApplication - Starting SkyServerApplication using Java 17.0.12 on Assaka with PID 3468 (C:\Assaka_sky\sky-take-out\sky-server\target\classes started by 26827 in C:\Assaka_sky)
2026-07-20 16:04:02.954 [main] INFO  com.sky.SkyServerApplication - The following 1 profile is active: "dev"
2026-07-20 16:04:03.480 [main] INFO  o.s.d.r.config.RepositoryConfigurationDelegate - Multiple Spring Data modules found, entering strict repository configuration mode
2026-07-20 16:04:03.481 [main] INFO  o.s.d.r.config.RepositoryConfigurationDelegate - Bootstrapping Spring Data Redis repositories in DEFAULT mode.
2026-07-20 16:04:03.502 [main] INFO  o.s.d.r.config.RepositoryConfigurationDelegate - Finished Spring Data repository scanning in 12 ms. Found 0 Redis repository interfaces.
2026-07-20 16:04:04.017 [main] INFO  o.s.boot.web.embedded.tomcat.TomcatWebServer - Tomcat initialized with port(s): 8080 (http)
2026-07-20 16:04:04.024 [main] INFO  org.apache.catalina.core.StandardService - Starting service [Tomcat]
2026-07-20 16:04:04.024 [main] INFO  org.apache.catalina.core.StandardEngine - Starting Servlet engine: [Apache Tomcat/9.0.65]
2026-07-20 16:04:04.102 [main] INFO  o.a.c.core.ContainerBase.[Tomcat].[localhost].[/] - Initializing Spring embedded WebApplicationContext
2026-07-20 16:04:04.102 [main] INFO  o.s.b.w.s.c.ServletWebServerApplicationContext - Root WebApplicationContext: initialization completed in 1112 ms
2026-07-20 16:04:04.194 [main] INFO  c.a.d.s.b.a.DruidDataSourceAutoConfigure - Init DruidDataSource
2026-07-20 16:04:04.274 [main] INFO  com.alibaba.druid.pool.DruidDataSource - {dataSource-1} inited
2026-07-20 16:04:04.411 [main] INFO  com.sky.config.OssConfiguration - 开始创建阿里云文件上传工具类对象......
2026-07-20 16:04:04.535 [main] INFO  com.sky.config.RedisConfiguration - 开始创建redis模板对象...
2026-07-20 16:04:04.734 [main] INFO  com.sky.config.WebMvcConfiguration - 开始注册自定义拦截器...
2026-07-20 16:04:04.790 [main] INFO  com.sky.config.WebMvcConfiguration - 扩展消息转换器...
2026-07-20 16:04:05.094 [main] INFO  o.s.boot.web.embedded.tomcat.TomcatWebServer - Tomcat started on port(s): 8080 (http) with context path ''
2026-07-20 16:04:05.260 [main] INFO  com.sky.SkyServerApplication - Started SkyServerApplication in 2.617 seconds (JVM running for 2.891)
2026-07-20 16:04:08.634 [http-nio-8080-exec-1] INFO  o.a.c.core.ContainerBase.[Tomcat].[localhost].[/] - Initializing Spring DispatcherServlet 'dispatcherServlet'
2026-07-20 16:04:08.634 [http-nio-8080-exec-1] INFO  org.springframework.web.servlet.DispatcherServlet - Initializing Servlet 'dispatcherServlet'
2026-07-20 16:04:08.635 [http-nio-8080-exec-1] INFO  org.springframework.web.servlet.DispatcherServlet - Completed initialization in 1 ms
2026-07-20 16:07:41.677 [SpringApplicationShutdownHook] INFO  com.alibaba.druid.pool.DruidDataSource - {dataSource-1} closing ...
2026-07-20 16:07:41.678 [SpringApplicationShutdownHook] INFO  com.alibaba.druid.pool.DruidDataSource - {dataSource-1} closed
2026-07-20 16:07:44.168 [main] INFO  com.sky.SkyServerApplication - Starting SkyServerApplication using Java 17.0.12 on Assaka with PID 2044 (C:\Assaka_sky\sky-take-out\sky-server\target\classes started by 26827 in C:\Assaka_sky)
2026-07-20 16:07:44.170 [main] INFO  com.sky.SkyServerApplication - The following 1 profile is active: "dev"
2026-07-20 16:07:44.694 [main] INFO  o.s.d.r.config.RepositoryConfigurationDelegate - Multiple Spring Data modules found, entering strict repository configuration mode
2026-07-20 16:07:44.696 [main] INFO  o.s.d.r.config.RepositoryConfigurationDelegate - Bootstrapping Spring Data Redis repositories in DEFAULT mode.
2026-07-20 16:07:44.717 [main] INFO  o.s.d.r.config.RepositoryConfigurationDelegate - Finished Spring Data repository scanning in 13 ms. Found 0 Redis repository interfaces.
2026-07-20 16:07:45.241 [main] INFO  o.s.boot.web.embedded.tomcat.TomcatWebServer - Tomcat initialized with port(s): 8080 (http)
2026-07-20 16:07:45.247 [main] INFO  org.apache.catalina.core.StandardService - Starting service [Tomcat]
2026-07-20 16:07:45.247 [main] INFO  org.apache.catalina.core.StandardEngine - Starting Servlet engine: [Apache Tomcat/9.0.65]
2026-07-20 16:07:45.320 [main] INFO  o.a.c.core.ContainerBase.[Tomcat].[localhost].[/] - Initializing Spring embedded WebApplicationContext
2026-07-20 16:07:45.320 [main] INFO  o.s.b.w.s.c.ServletWebServerApplicationContext - Root WebApplicationContext: initialization completed in 1118 ms
2026-07-20 16:07:45.411 [main] INFO  c.a.d.s.b.a.DruidDataSourceAutoConfigure - Init DruidDataSource
2026-07-20 16:07:45.492 [main] INFO  com.alibaba.druid.pool.DruidDataSource - {dataSource-1} inited
2026-07-20 16:07:45.632 [main] INFO  com.sky.config.OssConfiguration - 开始创建阿里云文件上传工具类对象......
2026-07-20 16:07:45.767 [main] INFO  com.sky.config.RedisConfiguration - 开始创建redis模板对象...
2026-07-20 16:07:45.962 [main] INFO  com.sky.config.WebMvcConfiguration - 开始注册自定义拦截器...
2026-07-20 16:07:46.054 [main] INFO  com.sky.config.WebMvcConfiguration - 扩展消息转换器...
2026-07-20 16:07:46.353 [main] INFO  o.s.boot.web.embedded.tomcat.TomcatWebServer - Tomcat started on port(s): 8080 (http) with context path ''
2026-07-20 16:07:46.513 [main] INFO  com.sky.SkyServerApplication - Started SkyServerApplication in 2.675 seconds (JVM running for 2.95)
2026-07-20 16:08:03.267 [http-nio-8080-exec-1] INFO  o.a.c.core.ContainerBase.[Tomcat].[localhost].[/] - Initializing Spring DispatcherServlet 'dispatcherServlet'
2026-07-20 16:08:03.267 [http-nio-8080-exec-1] INFO  org.springframework.web.servlet.DispatcherServlet - Initializing Servlet 'dispatcherServlet'
2026-07-20 16:08:03.269 [http-nio-8080-exec-1] INFO  org.springframework.web.servlet.DispatcherServlet - Completed initialization in 2 ms
2026-07-20 16:08:13.940 [http-nio-8080-exec-3] INFO  com.sky.Aspect.LogAspect - -------------------------
开始执行方法:getStatus, 参数:[]
2026-07-20 16:08:14.295 [http-nio-8080-exec-3] INFO  com.sky.controller.user.ShopController - 获取到店铺的营业状态为：营业中
2026-07-20 16:08:14.296 [http-nio-8080-exec-3] INFO  com.sky.Aspect.LogAspect - 方法:getStatus 执行完毕, 耗时:356ms, 返回值:Result(code=1, msg=null, data=1)
2026-07-20 16:09:34.076 [SpringApplicationShutdownHook] INFO  com.alibaba.druid.pool.DruidDataSource - {dataSource-1} closing ...
2026-07-20 16:09:34.077 [SpringApplicationShutdownHook] INFO  com.alibaba.druid.pool.DruidDataSource - {dataSource-1} closed
2026-07-20 19:46:46.818 [main] INFO  com.sky.SkyServerApplication - Starting SkyServerApplication using Java 17.0.12 on Assaka with PID 3488 (C:\Assaka_sky\sky-take-out\sky-server\target\classes started by 26827 in C:\Assaka_sky)
2026-07-20 19:46:46.819 [main] INFO  com.sky.SkyServerApplication - The following 1 profile is active: "dev"
2026-07-20 19:46:47.337 [main] INFO  o.s.d.r.config.RepositoryConfigurationDelegate - Multiple Spring Data modules found, entering strict repository configuration mode
2026-07-20 19:46:47.339 [main] INFO  o.s.d.r.config.RepositoryConfigurationDelegate - Bootstrapping Spring Data Redis repositories in DEFAULT mode.
2026-07-20 19:46:47.362 [main] INFO  o.s.d.r.config.RepositoryConfigurationDelegate - Finished Spring Data repository scanning in 13 ms. Found 0 Redis repository interfaces.
2026-07-20 19:46:47.906 [main] INFO  o.s.boot.web.embedded.tomcat.TomcatWebServer - Tomcat initialized with port(s): 8080 (http)
2026-07-20 19:46:47.913 [main] INFO  org.apache.catalina.core.StandardService - Starting service [Tomcat]
2026-07-20 19:46:47.913 [main] INFO  org.apache.catalina.core.StandardEngine - Starting Servlet engine: [Apache Tomcat/9.0.65]
2026-07-20 19:46:47.990 [main] INFO  o.a.c.core.ContainerBase.[Tomcat].[localhost].[/] - Initializing Spring embedded WebApplicationContext
2026-07-20 19:46:47.991 [main] INFO  o.s.b.w.s.c.ServletWebServerApplicationContext - Root WebApplicationContext: initialization completed in 1139 ms
2026-07-20 19:46:48.109 [main] INFO  c.a.d.s.b.a.DruidDataSourceAutoConfigure - Init DruidDataSource
2026-07-20 19:46:48.230 [main] INFO  com.alibaba.druid.pool.DruidDataSource - {dataSource-1} inited
2026-07-20 19:46:48.419 [main] INFO  com.sky.config.OssConfiguration - 开始创建阿里云文件上传工具类对象......
2026-07-20 19:46:48.599 [main] INFO  com.sky.config.RedisConfiguration - 开始创建redis模板对象...
2026-07-20 19:46:48.838 [main] INFO  com.sky.config.WebMvcConfiguration - 开始注册自定义拦截器...
2026-07-20 19:46:48.941 [main] INFO  com.sky.config.WebMvcConfiguration - 扩展消息转换器...
2026-07-20 19:46:49.345 [main] INFO  o.s.boot.web.embedded.tomcat.TomcatWebServer - Tomcat started on port(s): 8080 (http) with context path ''
2026-07-20 19:46:49.555 [main] INFO  com.sky.SkyServerApplication - Started SkyServerApplication in 3.041 seconds (JVM running for 3.357)
2026-07-20 19:47:10.098 [http-nio-8080-exec-1] INFO  o.a.c.core.ContainerBase.[Tomcat].[localhost].[/] - Initializing Spring DispatcherServlet 'dispatcherServlet'
2026-07-20 19:47:10.098 [http-nio-8080-exec-1] INFO  org.springframework.web.servlet.DispatcherServlet - Initializing Servlet 'dispatcherServlet'
2026-07-20 19:47:10.099 [http-nio-8080-exec-1] INFO  org.springframework.web.servlet.DispatcherServlet - Completed initialization in 1 ms
2026-07-20 19:47:10.119 [http-nio-8080-exec-1] INFO  com.sky.Aspect.LogAspect - -------------------------
开始执行方法:getStatus, 参数:[]
2026-07-20 19:47:10.411 [http-nio-8080-exec-1] INFO  com.sky.controller.user.ShopController - 获取到店铺的营业状态为：营业中
2026-07-20 19:47:10.411 [http-nio-8080-exec-1] INFO  com.sky.Aspect.LogAspect - 方法:getStatus 执行完毕, 耗时:292ms, 返回值:Result(code=1, msg=null, data=1)
2026-07-20 20:01:12.407 [http-nio-8080-exec-3] INFO  com.sky.Aspect.LogAspect - -------------------------
开始执行方法:login, 参数:[EmployeeLoginDTO(username=admin, password=123456)]
2026-07-20 20:01:12.409 [http-nio-8080-exec-3] INFO  com.sky.controller.admin.EmployeeController - 员工登录：EmployeeLoginDTO(username=admin, password=123456)
2026-07-20 20:01:12.517 [http-nio-8080-exec-3] DEBUG com.sky.mapper.EmployeeMapper.getByUsername - ==>  Preparing: select * from employee where username = ?
2026-07-20 20:01:12.534 [http-nio-8080-exec-3] DEBUG com.sky.mapper.EmployeeMapper.getByUsername - ==> Parameters: admin(String)
2026-07-20 20:01:12.567 [http-nio-8080-exec-3] DEBUG com.sky.mapper.EmployeeMapper.getByUsername - <==      Total: 1
2026-07-20 20:01:12.595 [http-nio-8080-exec-3] INFO  com.sky.Aspect.LogAspect - 方法:login 执行完毕, 耗时:188ms, 返回值:Result(code=1, msg=null, data=EmployeeLoginVO(id=1, userName=admin, name=管理员, token=eyJhbGciOiJIUzI1NiJ9.eyJlbXBJZCI6MSwiZXhwIjoxNzg0NTU2MDcyfQ.Dz0m1phaPhe2GhFG_id6eNccvZsPYMnG_huj5bVCaRM))
2026-07-20 20:02:29.498 [http-nio-8080-exec-5] INFO  com.sky.Aspect.LogAspect - -------------------------
开始执行方法:login, 参数:[EmployeeLoginDTO(username=admin, password=123456)]
2026-07-20 20:02:29.498 [http-nio-8080-exec-5] INFO  com.sky.controller.admin.EmployeeController - 员工登录：EmployeeLoginDTO(username=admin, password=123456)
2026-07-20 20:02:29.507 [http-nio-8080-exec-5] ERROR com.alibaba.druid.pool.DruidAbstractDataSource - discard long time none received connection. , jdbcUrl : jdbc:mysql://localhost:3306/sky_take_out?serverTimezone=Asia/Shanghai&useUnicode=true&characterEncoding=utf-8&zeroDateTimeBehavior=convertToNull&useSSL=false&allowPublicKeyRetrieval=true, jdbcUrl : jdbc:mysql://localhost:3306/sky_take_out?serverTimezone=Asia/Shanghai&useUnicode=true&characterEncoding=utf-8&zeroDateTimeBehavior=convertToNull&useSSL=false&allowPublicKeyRetrieval=true, lastPacketReceivedIdleMillis : 76959
2026-07-20 20:02:29.510 [http-nio-8080-exec-5] DEBUG com.sky.mapper.EmployeeMapper.getByUsername - ==>  Preparing: select * from employee where username = ?
2026-07-20 20:02:29.510 [http-nio-8080-exec-5] DEBUG com.sky.mapper.EmployeeMapper.getByUsername - ==> Parameters: admin(String)
2026-07-20 20:02:29.511 [http-nio-8080-exec-5] DEBUG com.sky.mapper.EmployeeMapper.getByUsername - <==      Total: 1
2026-07-20 20:02:29.511 [http-nio-8080-exec-5] INFO  com.sky.Aspect.LogAspect - 方法:login 执行完毕, 耗时:13ms, 返回值:Result(code=1, msg=null, data=EmployeeLoginVO(id=1, userName=admin, name=管理员, token=eyJhbGciOiJIUzI1NiJ9.eyJlbXBJZCI6MSwiZXhwIjoxNzg0NTU2MTQ5fQ.Jpy9EslYq7VXjuPZwX_BCYYfDe0NLWwIiJS0UJyqt0k))
2026-07-20 20:43:00.912 [http-nio-8080-exec-10] INFO  com.sky.Aspect.LogAspect - -------------------------
开始执行方法:getStatus, 参数:[]
2026-07-20 20:43:00.923 [http-nio-8080-exec-10] INFO  com.sky.controller.user.ShopController - 获取到店铺的营业状态为：营业中
2026-07-20 20:43:00.924 [http-nio-8080-exec-10] INFO  com.sky.Aspect.LogAspect - 方法:getStatus 执行完毕, 耗时:12ms, 返回值:Result(code=1, msg=null, data=1)
2026-07-20 20:43:12.998 [http-nio-8080-exec-1] WARN  org.springframework.web.servlet.PageNotFound - No mapping for POST /user/user/login
2026-07-20 20:43:27.173 [http-nio-8080-exec-2] WARN  org.springframework.web.servlet.PageNotFound - No mapping for GET /user/order/historyOrders
2026-07-20 20:43:30.356 [http-nio-8080-exec-3] WARN  org.springframework.web.servlet.PageNotFound - No mapping for GET /user/order/historyOrders
2026-07-20 20:43:44.397 [http-nio-8080-exec-4] INFO  com.sky.Aspect.LogAspect - -------------------------
开始执行方法:getStatus, 参数:[]
2026-07-20 20:43:44.399 [http-nio-8080-exec-4] INFO  com.sky.controller.user.ShopController - 获取到店铺的营业状态为：营业中
2026-07-20 20:43:44.399 [http-nio-8080-exec-4] INFO  com.sky.Aspect.LogAspect - 方法:getStatus 执行完毕, 耗时:2ms, 返回值:Result(code=1, msg=null, data=1)
2026-07-20 20:43:47.077 [http-nio-8080-exec-5] WARN  org.springframework.web.servlet.PageNotFound - No mapping for POST /user/user/login
2026-07-20 20:43:49.538 [http-nio-8080-exec-6] WARN  org.springframework.web.servlet.PageNotFound - No mapping for GET /user/order/historyOrders
2026-07-20 20:43:52.713 [http-nio-8080-exec-7] INFO  com.sky.Aspect.LogAspect - -------------------------
开始执行方法:getStatus, 参数:[]
2026-07-20 20:43:52.715 [http-nio-8080-exec-7] INFO  com.sky.controller.user.ShopController - 获取到店铺的营业状态为：营业中
2026-07-20 20:43:52.715 [http-nio-8080-exec-7] INFO  com.sky.Aspect.LogAspect - 方法:getStatus 执行完毕, 耗时:2ms, 返回值:Result(code=1, msg=null, data=1)
2026-07-20 20:43:54.686 [http-nio-8080-exec-8] WARN  org.springframework.web.servlet.PageNotFound - No mapping for POST /user/user/login
2026-07-20 20:44:29.862 [http-nio-8080-exec-9] INFO  com.sky.Aspect.LogAspect - -------------------------
开始执行方法:getStatus, 参数:[]
2026-07-20 20:44:29.863 [http-nio-8080-exec-9] INFO  com.sky.controller.user.ShopController - 获取到店铺的营业状态为：营业中
2026-07-20 20:44:29.864 [http-nio-8080-exec-9] INFO  com.sky.Aspect.LogAspect - 方法:getStatus 执行完毕, 耗时:2ms, 返回值:Result(code=1, msg=null, data=1)
2026-07-20 20:45:11.945 [http-nio-8080-exec-10] WARN  org.springframework.web.servlet.PageNotFound - No mapping for POST /user/user/login
2026-07-20 20:47:58.115 [http-nio-8080-exec-2] INFO  com.sky.Aspect.LogAspect - -------------------------
开始执行方法:login, 参数:[EmployeeLoginDTO(username=admin, password=123456)]
2026-07-20 20:47:58.115 [http-nio-8080-exec-2] INFO  com.sky.controller.admin.EmployeeController - 员工登录：EmployeeLoginDTO(username=admin, password=123456)
2026-07-20 20:47:58.128 [http-nio-8080-exec-2] DEBUG com.sky.mapper.EmployeeMapper.getByUsername - ==>  Preparing: select * from employee where username = ?
2026-07-20 20:47:58.130 [http-nio-8080-exec-2] DEBUG com.sky.mapper.EmployeeMapper.getByUsername - ==> Parameters: admin(String)
2026-07-20 20:47:58.136 [http-nio-8080-exec-2] DEBUG com.sky.mapper.EmployeeMapper.getByUsername - <==      Total: 1
2026-07-20 20:47:58.137 [http-nio-8080-exec-2] INFO  com.sky.Aspect.LogAspect - 方法:login 执行完毕, 耗时:22ms, 返回值:Result(code=1, msg=null, data=EmployeeLoginVO(id=1, userName=admin, name=管理员, token=eyJhbGciOiJIUzI1NiJ9.eyJlbXBJZCI6MSwiZXhwIjoxNzg0NTU4ODc4fQ.SeHJoqxQ2FiKs5sPI8_9iQikGul4DkBDIk0A1DnwlIU))
2026-07-20 20:48:10.866 [SpringApplicationShutdownHook] INFO  com.alibaba.druid.pool.DruidDataSource - {dataSource-1} closing ...
2026-07-20 20:48:10.868 [SpringApplicationShutdownHook] INFO  com.alibaba.druid.pool.DruidDataSource - {dataSource-1} closed
2026-07-20 20:50:50.572 [main] INFO  com.sky.SkyServerApplication - Starting SkyServerApplication using Java 17.0.12 on Assaka with PID 46220 (C:\Assaka_sky\sky-take-out\sky-server\target\classes started by 26827 in C:\Assaka_sky)
2026-07-20 20:50:50.574 [main] INFO  com.sky.SkyServerApplication - The following 1 profile is active: "dev"
2026-07-20 20:50:51.115 [main] INFO  o.s.d.r.config.RepositoryConfigurationDelegate - Multiple Spring Data modules found, entering strict repository configuration mode
2026-07-20 20:50:51.117 [main] INFO  o.s.d.r.config.RepositoryConfigurationDelegate - Bootstrapping Spring Data Redis repositories in DEFAULT mode.
2026-07-20 20:50:51.141 [main] INFO  o.s.d.r.config.RepositoryConfigurationDelegate - Finished Spring Data repository scanning in 14 ms. Found 0 Redis repository interfaces.
2026-07-20 20:50:51.703 [main] INFO  o.s.boot.web.embedded.tomcat.TomcatWebServer - Tomcat initialized with port(s): 8080 (http)
2026-07-20 20:50:51.709 [main] INFO  org.apache.catalina.core.StandardService - Starting service [Tomcat]
2026-07-20 20:50:51.709 [main] INFO  org.apache.catalina.core.StandardEngine - Starting Servlet engine: [Apache Tomcat/9.0.65]
2026-07-20 20:50:51.782 [main] INFO  o.a.c.core.ContainerBase.[Tomcat].[localhost].[/] - Initializing Spring embedded WebApplicationContext
2026-07-20 20:50:51.783 [main] INFO  o.s.b.w.s.c.ServletWebServerApplicationContext - Root WebApplicationContext: initialization completed in 1178 ms
2026-07-20 20:50:51.879 [main] INFO  c.a.d.s.b.a.DruidDataSourceAutoConfigure - Init DruidDataSource
2026-07-20 20:50:51.966 [main] INFO  com.alibaba.druid.pool.DruidDataSource - {dataSource-1} inited
2026-07-20 20:50:52.114 [main] INFO  com.sky.config.OssConfiguration - 开始创建阿里云文件上传工具类对象......
2026-07-20 20:50:52.260 [main] INFO  com.sky.config.RedisConfiguration - 开始创建redis模板对象...
2026-07-20 20:50:52.462 [main] INFO  com.sky.config.WebMvcConfiguration - 开始注册自定义拦截器...
2026-07-20 20:50:52.545 [main] INFO  com.sky.config.WebMvcConfiguration - 扩展消息转换器...
2026-07-20 20:50:52.856 [main] INFO  o.s.boot.web.embedded.tomcat.TomcatWebServer - Tomcat started on port(s): 8080 (http) with context path ''
2026-07-20 20:50:53.032 [main] INFO  com.sky.SkyServerApplication - Started SkyServerApplication in 2.774 seconds (JVM running for 3.052)
2026-07-20 20:51:03.927 [http-nio-8080-exec-1] INFO  o.a.c.core.ContainerBase.[Tomcat].[localhost].[/] - Initializing Spring DispatcherServlet 'dispatcherServlet'
2026-07-20 20:51:03.927 [http-nio-8080-exec-1] INFO  org.springframework.web.servlet.DispatcherServlet - Initializing Servlet 'dispatcherServlet'
2026-07-20 20:51:03.929 [http-nio-8080-exec-1] INFO  org.springframework.web.servlet.DispatcherServlet - Completed initialization in 1 ms
2026-07-20 20:51:03.960 [http-nio-8080-exec-1] INFO  com.sky.Aspect.LogAspect - -------------------------
开始执行方法:getStatus, 参数:[]
2026-07-20 20:51:04.324 [http-nio-8080-exec-1] INFO  com.sky.controller.user.ShopController - 获取到店铺的营业状态为：营业中
2026-07-20 20:51:04.324 [http-nio-8080-exec-1] INFO  com.sky.Aspect.LogAspect - 方法:getStatus 执行完毕, 耗时:364ms, 返回值:Result(code=1, msg=null, data=1)
2026-07-20 20:51:12.771 [http-nio-8080-exec-2] WARN  org.springframework.web.servlet.PageNotFound - No mapping for POST /user/user/login
2026-07-20 20:51:18.155 [http-nio-8080-exec-3] WARN  org.springframework.web.servlet.PageNotFound - No mapping for GET /user/order/historyOrders
2026-07-20 20:51:24.844 [http-nio-8080-exec-4] INFO  com.sky.Aspect.LogAspect - -------------------------
开始执行方法:getStatus, 参数:[]
2026-07-20 20:51:24.845 [http-nio-8080-exec-4] INFO  com.sky.controller.user.ShopController - 获取到店铺的营业状态为：营业中
2026-07-20 20:51:24.846 [http-nio-8080-exec-4] INFO  com.sky.Aspect.LogAspect - 方法:getStatus 执行完毕, 耗时:2ms, 返回值:Result(code=1, msg=null, data=1)
2026-07-20 20:51:27.565 [http-nio-8080-exec-6] WARN  org.springframework.web.servlet.PageNotFound - No mapping for POST /user/user/login
2026-07-20 22:11:26.017 [http-nio-8080-exec-5] INFO  com.sky.Aspect.LogAspect - -------------------------
开始执行方法:getStatus, 参数:[]
2026-07-20 22:11:26.029 [http-nio-8080-exec-5] INFO  com.sky.controller.user.ShopController - 获取到店铺的营业状态为：营业中
2026-07-20 22:11:26.029 [http-nio-8080-exec-5] INFO  com.sky.Aspect.LogAspect - 方法:getStatus 执行完毕, 耗时:12ms, 返回值:Result(code=1, msg=null, data=1)
2026-07-20 22:27:07.879 [SpringApplicationShutdownHook] INFO  com.alibaba.druid.pool.DruidDataSource - {dataSource-1} closing ...
2026-07-20 22:27:07.880 [SpringApplicationShutdownHook] INFO  com.alibaba.druid.pool.DruidDataSource - {dataSource-1} closed
2026-07-20 22:27:13.159 [main] INFO  com.sky.SkyServerApplication - Starting SkyServerApplication using Java 17.0.12 on Assaka with PID 42276 (C:\Assaka_sky\sky-take-out\sky-server\target\classes started by 26827 in C:\Assaka_sky)
2026-07-20 22:27:13.161 [main] INFO  com.sky.SkyServerApplication - The following 1 profile is active: "dev"
2026-07-20 22:27:13.756 [main] INFO  o.s.d.r.config.RepositoryConfigurationDelegate - Multiple Spring Data modules found, entering strict repository configuration mode
2026-07-20 22:27:13.757 [main] INFO  o.s.d.r.config.RepositoryConfigurationDelegate - Bootstrapping Spring Data Redis repositories in DEFAULT mode.
2026-07-20 22:27:13.780 [main] INFO  o.s.d.r.config.RepositoryConfigurationDelegate - Finished Spring Data repository scanning in 14 ms. Found 0 Redis repository interfaces.
2026-07-20 22:27:14.331 [main] INFO  o.s.boot.web.embedded.tomcat.TomcatWebServer - Tomcat initialized with port(s): 8080 (http)
2026-07-20 22:27:14.339 [main] INFO  org.apache.catalina.core.StandardService - Starting service [Tomcat]
2026-07-20 22:27:14.339 [main] INFO  org.apache.catalina.core.StandardEngine - Starting Servlet engine: [Apache Tomcat/9.0.65]
2026-07-20 22:27:14.417 [main] INFO  o.a.c.core.ContainerBase.[Tomcat].[localhost].[/] - Initializing Spring embedded WebApplicationContext
2026-07-20 22:27:14.417 [main] INFO  o.s.b.w.s.c.ServletWebServerApplicationContext - Root WebApplicationContext: initialization completed in 1225 ms
2026-07-20 22:27:14.512 [main] INFO  c.a.d.s.b.a.DruidDataSourceAutoConfigure - Init DruidDataSource
2026-07-20 22:27:14.597 [main] INFO  com.alibaba.druid.pool.DruidDataSource - {dataSource-1} inited
2026-07-20 22:27:14.759 [main] INFO  com.sky.config.OssConfiguration - 开始创建阿里云文件上传工具类对象......
2026-07-20 22:27:14.893 [main] INFO  com.sky.config.RedisConfiguration - 开始创建redis模板对象...
2026-07-20 22:27:15.084 [main] INFO  com.sky.config.WebMvcConfiguration - 开始注册自定义拦截器...
2026-07-20 22:27:15.162 [main] INFO  com.sky.config.WebMvcConfiguration - 扩展消息转换器...
2026-07-20 22:27:15.460 [main] INFO  o.s.boot.web.embedded.tomcat.TomcatWebServer - Tomcat started on port(s): 8080 (http) with context path ''
2026-07-20 22:27:15.648 [main] INFO  com.sky.SkyServerApplication - Started SkyServerApplication in 2.83 seconds (JVM running for 3.096)
2026-07-20 22:27:34.043 [http-nio-8080-exec-1] INFO  o.a.c.core.ContainerBase.[Tomcat].[localhost].[/] - Initializing Spring DispatcherServlet 'dispatcherServlet'
2026-07-20 22:27:34.043 [http-nio-8080-exec-1] INFO  org.springframework.web.servlet.DispatcherServlet - Initializing Servlet 'dispatcherServlet'
2026-07-20 22:27:34.045 [http-nio-8080-exec-1] INFO  org.springframework.web.servlet.DispatcherServlet - Completed initialization in 1 ms
2026-07-20 22:27:34.060 [http-nio-8080-exec-1] INFO  com.sky.interceptor.JwtTokenAdminInterceptor - jwt校验:null
2026-07-20 22:27:34.072 [http-nio-8080-exec-1] INFO  com.sky.interceptor.JwtTokenAdminInterceptor - 令牌不存在或过期
2026-07-20 22:27:37.217 [http-nio-8080-exec-2] INFO  com.sky.Aspect.LogAspect - -------------------------
开始执行方法:login, 参数:[UserLoginDTO(code=0b1KeB0w3g7Dq73VrE2w3Oa5Y14KeB0S)]
2026-07-20 22:27:37.220 [http-nio-8080-exec-2] INFO  com.sky.controller.user.UserController - 微信用户登录:0b1KeB0w3g7Dq73VrE2w3Oa5Y14KeB0S
2026-07-20 22:27:38.456 [http-nio-8080-exec-2] DEBUG com.sky.mapper.UserMapper.getByOpenid - ==>  Preparing: select * from user where openid = ?
2026-07-20 22:27:38.471 [http-nio-8080-exec-2] DEBUG com.sky.mapper.UserMapper.getByOpenid - ==> Parameters: oH3953aBEs4xqw2GFRVwOHVTjCVQ(String)
2026-07-20 22:27:38.488 [http-nio-8080-exec-2] DEBUG com.sky.mapper.UserMapper.getByOpenid - <==      Total: 0
2026-07-20 22:27:38.491 [http-nio-8080-exec-2] DEBUG com.sky.mapper.UserMapper.insert - ==>  Preparing: insert into user (openid, name, phone, sex, id_number, avatar, create_time) values (?, ?, ?, ?, ?, ?, ?)
2026-07-20 22:27:38.492 [http-nio-8080-exec-2] DEBUG com.sky.mapper.UserMapper.insert - ==> Parameters: oH3953aBEs4xqw2GFRVwOHVTjCVQ(String), null, null, null, null, null, 2026-07-20T22:27:38.490061200(LocalDateTime)
2026-07-20 22:27:38.500 [http-nio-8080-exec-2] DEBUG com.sky.mapper.UserMapper.insert - <==    Updates: 1
2026-07-20 22:27:38.517 [http-nio-8080-exec-2] INFO  com.sky.Aspect.LogAspect - 方法:login 执行完毕, 耗时:1300ms, 返回值:Result(code=1, msg=null, data=UserLoginVO(id=6, openid=oH3953aBEs4xqw2GFRVwOHVTjCVQ, token=eyJhbGciOiJIUzI1NiJ9.eyJleHAiOjE3ODQ1NjQ4NTgsInVzZXJJZCI6Nn0.2oHLTEA9tvmqkqF3AfKtMzd-28ToQATctCxKAEvwveM))
2026-07-20 22:27:38.541 [http-nio-8080-exec-3] WARN  org.springframework.web.servlet.PageNotFound - No mapping for GET /user/category/list
2026-07-20 22:27:38.543 [http-nio-8080-exec-4] WARN  org.springframework.web.servlet.PageNotFound - No mapping for GET /user/shoppingCart/list
2026-07-20 22:29:33.724 [http-nio-8080-exec-10] WARN  org.springframework.web.servlet.PageNotFound - No mapping for GET /user/order/historyOrders
2026-07-20 22:29:37.546 [http-nio-8080-exec-8] INFO  com.sky.interceptor.JwtTokenAdminInterceptor - jwt校验:null
2026-07-20 22:29:37.547 [http-nio-8080-exec-8] INFO  com.sky.interceptor.JwtTokenAdminInterceptor - 令牌不存在或过期
2026-07-20 22:29:37.547 [http-nio-8080-exec-9] WARN  org.springframework.web.servlet.PageNotFound - No mapping for GET /user/category/list
2026-07-20 22:29:37.548 [http-nio-8080-exec-7] WARN  org.springframework.web.servlet.PageNotFound - No mapping for GET /user/shoppingCart/list
2026-07-20 22:30:09.072 [SpringApplicationShutdownHook] INFO  com.alibaba.druid.pool.DruidDataSource - {dataSource-1} closing ...
2026-07-20 22:30:09.075 [SpringApplicationShutdownHook] INFO  com.alibaba.druid.pool.DruidDataSource - {dataSource-1} closed
